"","site","samples","richness","lower","upper"
"donglingshan.1","donglingshan",1,10.747,5.94824818113929,15.5457518188607
"donglingshan.2","donglingshan",2,19.091,13.3337554451053,24.8482445548947
"donglingshan.3","donglingshan",3,26.002,19.8525437791776,32.1514562208224
"donglingshan.4","donglingshan",4,32.096,25.6789943149502,38.5130056850498
"donglingshan.5","donglingshan",5,37.376,30.7615934223564,43.9904065776436
"donglingshan.6","donglingshan",6,42.227,35.4898745106047,48.9641254893953
"donglingshan.7","donglingshan",7,46.913,40.2656231776272,53.5603768223728
"donglingshan.8","donglingshan",8,50.981,44.1916897453619,57.7703102546381
"donglingshan.9","donglingshan",9,54.84,47.9978354875657,61.6821645124343
"donglingshan.10","donglingshan",10,58.702,51.8096346077199,65.5943653922801
"donglingshan.11","donglingshan",11,62.247,55.2826268413092,69.2113731586908
"donglingshan.12","donglingshan",12,65.658,58.7841156333347,72.5318843666654
"donglingshan.13","donglingshan",13,68.899,62.1341968571464,75.6638031428536
"donglingshan.14","donglingshan",14,72.037,65.2690286321205,78.8049713678795
"donglingshan.15","donglingshan",15,75.155,68.3903318088959,81.9196681911041
"donglingshan.16","donglingshan",16,78.128,71.5073165421197,84.7486834578803
"donglingshan.17","donglingshan",17,81.11,74.5329826549448,87.6870173450552
"donglingshan.18","donglingshan",18,84.052,77.5679164611073,90.5360835388927
"donglingshan.19","donglingshan",19,86.94,80.683359883648,93.196640116352
"donglingshan.20","donglingshan",20,89.798,83.6082092515571,95.9877907484429
"donglingshan.21","donglingshan",21,92.524,86.4347880228635,98.6132119771365
"donglingshan.22","donglingshan",22,95.287,89.2709528073806,101.303047192619
"donglingshan.23","donglingshan",23,97.896,92.1611877038501,103.63081229615
"donglingshan.24","donglingshan",24,100.513,94.980691491119,106.045308508881
"donglingshan.25","donglingshan",25,103.172,97.8232594917097,108.52074050829
"donglingshan.26","donglingshan",26,105.652,100.630833989191,110.673166010809
"donglingshan.27","donglingshan",27,108.12,103.46906125269,112.77093874731
"donglingshan.28","donglingshan",28,110.658,106.418777546884,114.897222453116
"donglingshan.29","donglingshan",29,113.018,109.084916585534,116.951083414466
"donglingshan.30","donglingshan",30,115.447,111.854494314953,119.039505685047
"donglingshan.31","donglingshan",31,117.776,114.585388145825,120.966611854175
"donglingshan.32","donglingshan",32,120.175,117.523697602233,122.826302397767
"donglingshan.33","donglingshan",33,122.546,120.604956040773,124.487043959227
"donglingshan.34","donglingshan",34,125,125,125
"badagongshan.1","badagongshan",1,5.462,1.68379528997821,9.24020471002179
"badagongshan.2","badagongshan",2,10.575,5.41253682569783,15.7374631743022
"badagongshan.3","badagongshan",3,15.399,9.45281162792868,21.3451883720713
"badagongshan.4","badagongshan",4,19.818,13.454717249142,26.181282750858
"badagongshan.5","badagongshan",5,24.009,17.2696871761776,30.7483128238224
"badagongshan.6","badagongshan",6,28.151,21.2563836412216,35.0456163587784
"badagongshan.7","badagongshan",7,31.987,24.9228132999096,39.0511867000904
"badagongshan.8","badagongshan",8,35.554,28.4634880749441,42.6445119250559
"badagongshan.9","badagongshan",9,39.046,31.8522781792987,46.2397218207013
"badagongshan.10","badagongshan",10,42.45,35.025808554555,49.874191445445
"badagongshan.11","badagongshan",11,45.638,37.9598550476101,53.3161449523899
"badagongshan.12","badagongshan",12,48.815,41.0095082985951,56.6204917014049
"badagongshan.13","badagongshan",13,51.857,44.0428069762379,59.6711930237621
"badagongshan.14","badagongshan",14,54.984,47.2600500128883,62.7079499871117
"badagongshan.15","badagongshan",15,57.695,50.0404217903553,65.3495782096447
"badagongshan.16","badagongshan",16,60.46,52.9102053405805,68.0097946594195
"badagongshan.17","badagongshan",17,63.212,55.6401846041792,70.7838153958208
"badagongshan.18","badagongshan",18,65.86,58.3419603006554,73.3780396993446
"badagongshan.19","badagongshan",19,68.431,60.9121056150008,75.9498943849992
"badagongshan.20","badagongshan",20,71.065,63.5585279843243,78.5714720156757
"badagongshan.21","badagongshan",21,73.63,66.167507870102,81.0924921298979
"badagongshan.22","badagongshan",22,76.081,68.7168524139131,83.4451475860869
"badagongshan.23","badagongshan",23,78.449,71.1360746019204,85.7619253980796
"badagongshan.24","badagongshan",24,80.863,73.6262464736181,88.0997535263819
"badagongshan.25","badagongshan",25,83.247,76.1229040051566,90.3710959948434
"badagongshan.26","badagongshan",26,85.414,78.3722537542034,92.4557462457966
"badagongshan.27","badagongshan",27,87.811,80.935787454373,94.6862125456271
"badagongshan.28","badagongshan",28,89.987,83.1339864442864,96.8400135557136
"badagongshan.29","badagongshan",29,92.247,85.4702814050667,99.0237185949333
"badagongshan.30","badagongshan",30,94.379,87.7039782835623,101.054021716438
"badagongshan.31","badagongshan",31,96.547,89.9709041950382,103.123095804962
"badagongshan.32","badagongshan",32,98.622,92.2469111568734,104.997088843127
"badagongshan.33","badagongshan",33,100.72,94.5717155725031,106.868284427497
"badagongshan.34","badagongshan",34,102.72,96.6997139732531,108.740286026747
"badagongshan.35","badagongshan",35,104.76,98.8750163098754,110.644983690125
"badagongshan.36","badagongshan",36,106.835,101.158734062344,112.511265937656
"badagongshan.37","badagongshan",37,108.825,103.287578394412,114.362421605588
"badagongshan.38","badagongshan",38,110.625,105.255343753255,115.994656246745
"badagongshan.39","badagongshan",39,112.468,107.302958504169,117.633041495831
"badagongshan.40","badagongshan",40,114.4,109.370159117895,119.429840882105
"badagongshan.41","badagongshan",41,116.262,111.471979091872,121.052020908128
"badagongshan.42","badagongshan",42,118.072,113.465913588302,122.678086411698
"badagongshan.43","badagongshan",43,119.85,115.49678849004,124.20321150996
"badagongshan.44","badagongshan",44,121.637,117.541880831893,125.732119168107
"badagongshan.45","badagongshan",45,123.356,119.481948855233,127.230051144767
"badagongshan.46","badagongshan",46,125.05,121.433568253295,128.666431746705
"badagongshan.47","badagongshan",47,126.862,123.570831850575,130.153168149425
"badagongshan.48","badagongshan",48,128.529,125.575378006094,131.482621993906
"badagongshan.49","badagongshan",49,130.158,127.552270577012,132.763729422988
"badagongshan.50","badagongshan",50,131.756,129.650555415857,133.861444584143
"badagongshan.51","badagongshan",51,133.415,131.96142238326,134.86857761674
"badagongshan.52","badagongshan",52,135,135,135
"nabanhe.1","nabanhe",1,13.785,7.6096530534787,19.9603469465213
"nabanhe.2","nabanhe",2,25.123,17.7626980330257,32.4833019669743
"nabanhe.3","nabanhe",3,35.328,27.3203450037768,43.3356549962232
"nabanhe.4","nabanhe",4,44.539,36.3046643690409,52.7733356309591
"nabanhe.5","nabanhe",5,52.893,44.5759858889308,61.2100141110692
"nabanhe.6","nabanhe",6,60.764,52.0701005361295,69.4578994638705
"nabanhe.7","nabanhe",7,68.115,59.2755480423891,76.9544519576109
"nabanhe.8","nabanhe",8,74.812,65.8898780404962,83.7341219595038
"nabanhe.9","nabanhe",9,81.31,72.3245318074883,90.2954681925117
"nabanhe.10","nabanhe",10,87.493,78.3308006517596,96.6551993482404
"nabanhe.11","nabanhe",11,93.498,84.27579608526,102.72020391474
"nabanhe.12","nabanhe",12,99.244,89.919225717723,108.568774282277
"nabanhe.13","nabanhe",13,104.655,95.3415304147318,113.968469585268
"nabanhe.14","nabanhe",14,109.773,100.659903955322,118.886096044678
"nabanhe.15","nabanhe",15,114.823,105.7752636791,123.8707363209
"nabanhe.16","nabanhe",16,119.867,110.818177303528,128.915822696472
"nabanhe.17","nabanhe",17,124.539,115.404564225585,133.673435774415
"nabanhe.18","nabanhe",18,129.099,120.052728169349,138.145271830651
"nabanhe.19","nabanhe",19,133.57,124.634512159767,142.505487840232
"nabanhe.20","nabanhe",20,137.744,128.842556313738,146.645443686262
"nabanhe.21","nabanhe",21,141.932,133.132522356026,150.731477643974
"nabanhe.22","nabanhe",22,146.013,137.273479978271,154.752520021729
"nabanhe.23","nabanhe",23,150.1,141.357435591748,158.842564408252
"nabanhe.24","nabanhe",24,154.029,145.537577076646,162.520422923354
"nabanhe.25","nabanhe",25,157.706,149.278510066064,166.133489933936
"nabanhe.26","nabanhe",26,161.391,153.097816299159,169.684183700841
"nabanhe.27","nabanhe",27,165.014,156.664058351969,173.363941648031
"nabanhe.28","nabanhe",28,168.573,160.302021818426,176.843978181574
"nabanhe.29","nabanhe",29,172.004,163.841364848738,180.166635151262
"nabanhe.30","nabanhe",30,175.397,167.234646478189,183.559353521811
"nabanhe.31","nabanhe",31,178.622,170.575021071864,186.668978928136
"nabanhe.32","nabanhe",32,181.791,173.798553678742,189.783446321258
"nabanhe.33","nabanhe",33,184.919,177.11776302768,192.72023697232
"nabanhe.34","nabanhe",34,187.878,180.199844618004,195.556155381996
"nabanhe.35","nabanhe",35,190.965,183.340702989462,198.589297010538
"nabanhe.36","nabanhe",36,193.92,186.433502310984,201.406497689016
"nabanhe.37","nabanhe",37,196.8,189.438329388366,204.161670611634
"nabanhe.38","nabanhe",38,199.641,192.46105078913,206.82094921087
"nabanhe.39","nabanhe",39,202.509,195.520097098703,209.497902901297
"nabanhe.40","nabanhe",40,205.211,198.343566662818,212.078433337182
"nabanhe.41","nabanhe",41,207.813,201.171604127208,214.454395872792
"nabanhe.42","nabanhe",42,210.486,204.037016096051,216.934983903949
"nabanhe.43","nabanhe",43,213.05,206.857597732233,219.242402267767
"nabanhe.44","nabanhe",44,215.558,209.495212407366,221.620787592634
"nabanhe.45","nabanhe",45,218.184,212.280187757135,224.087812242865
"nabanhe.46","nabanhe",46,220.76,215.046766148577,226.473233851423
"nabanhe.47","nabanhe",47,223.265,217.711116618021,228.818883381979
"nabanhe.48","nabanhe",48,225.692,220.396796965632,230.987203034368
"nabanhe.49","nabanhe",49,228.085,223.119274128243,233.050725871757
"nabanhe.50","nabanhe",50,230.427,225.776591706388,235.077408293612
"nabanhe.51","nabanhe",51,232.702,228.312414089636,237.091585910364
"nabanhe.52","nabanhe",52,235.001,230.909332767595,239.092667232405
"nabanhe.53","nabanhe",53,237.296,233.519408064584,241.072591935416
"nabanhe.54","nabanhe",54,239.469,236.150860604337,242.787139395663
"nabanhe.55","nabanhe",55,241.636,238.708189200772,244.563810799228
"nabanhe.56","nabanhe",56,243.785,241.441014234414,246.128985765586
"nabanhe.57","nabanhe",57,245.913,244.28018124181,247.54581875819
"nabanhe.58","nabanhe",58,248,248,248
"tiantongshan.1","tiantongshan",1,9.515,3.38251417593303,15.647485824067
"tiantongshan.2","tiantongshan",2,17.324,9.95505670225878,24.6929432977412
"tiantongshan.3","tiantongshan",3,23.973,15.8504236077925,32.0955763922075
"tiantongshan.4","tiantongshan",4,30.112,21.2820836117535,38.9419163882465
"tiantongshan.5","tiantongshan",5,35.777,26.4430622782561,45.1109377217439
"tiantongshan.6","tiantongshan",6,41.107,31.3723035324508,50.8416964675492
"tiantongshan.7","tiantongshan",7,46.328,36.3732265965762,56.2827734034238
"tiantongshan.8","tiantongshan",8,50.916,40.618088027615,61.213911972385
"tiantongshan.9","tiantongshan",9,55.221,44.9007933322212,65.5412066677788
"tiantongshan.10","tiantongshan",10,59.376,48.9530800031248,69.7989199968752
"tiantongshan.11","tiantongshan",11,63.519,52.9386605639241,74.0993394360759
"tiantongshan.12","tiantongshan",12,67.422,56.9453747954947,77.8986252045053
"tiantongshan.13","tiantongshan",13,71.089,60.589031984414,81.588968015586
"tiantongshan.14","tiantongshan",14,74.741,64.2002682404861,85.2817317595139
"tiantongshan.15","tiantongshan",15,78.322,67.9230358951262,88.7209641048738
"tiantongshan.16","tiantongshan",16,81.781,71.3817123232317,92.1802876767683
"tiantongshan.17","tiantongshan",17,84.843,74.6142670394629,95.0717329605371
"tiantongshan.18","tiantongshan",18,87.986,77.7724736687019,98.1995263312981
"tiantongshan.19","tiantongshan",19,91.136,80.8871687230913,101.384831276909
"tiantongshan.20","tiantongshan",20,94.246,84.0125153438231,104.479484656177
"tiantongshan.21","tiantongshan",21,97.35,87.1676043496051,107.532395650395
"tiantongshan.22","tiantongshan",22,100.358,90.3845700330676,110.331429966932
"tiantongshan.23","tiantongshan",23,103.22,93.4626024572734,112.977397542727
"tiantongshan.24","tiantongshan",24,106.163,96.5283096438828,115.797690356117
"tiantongshan.25","tiantongshan",25,108.848,99.3207935015733,118.375206498427
"tiantongshan.26","tiantongshan",26,111.512,102.024436041329,120.999563958671
"tiantongshan.27","tiantongshan",27,114.073,104.646944540715,123.499055459285
"tiantongshan.28","tiantongshan",28,116.58,107.360965853703,125.799034146297
"tiantongshan.29","tiantongshan",29,119.253,110.24810804734,128.25789195266
"tiantongshan.30","tiantongshan",30,121.83,113.062447891802,130.597552108198
"tiantongshan.31","tiantongshan",31,124.188,115.598679163494,132.777320836506
"tiantongshan.32","tiantongshan",32,126.54,118.142207258873,134.937792741127
"tiantongshan.33","tiantongshan",33,128.656,120.420376800175,136.891623199825
"tiantongshan.34","tiantongshan",34,131.063,123.01851463767,139.10748536233
"tiantongshan.35","tiantongshan",35,133.353,125.632378328204,141.073621671796
"tiantongshan.36","tiantongshan",36,135.75,128.245880343984,143.254119656016
"tiantongshan.37","tiantongshan",37,138.048,130.778574951171,145.317425048829
"tiantongshan.38","tiantongshan",38,140.286,133.266065279258,147.305934720742
"tiantongshan.39","tiantongshan",39,142.306,135.593815749146,149.018184250854
"tiantongshan.40","tiantongshan",40,144.526,138.102248090984,150.949751909016
"tiantongshan.41","tiantongshan",41,146.532,140.516256890029,152.547743109971
"tiantongshan.42","tiantongshan",42,148.668,143.004798798573,154.331201201427
"tiantongshan.43","tiantongshan",43,150.621,145.123402107958,156.118597892042
"tiantongshan.44","tiantongshan",44,152.554,147.568025276444,157.539974723556
"tiantongshan.45","tiantongshan",45,154.539,149.921663235284,159.156336764716
"tiantongshan.46","tiantongshan",46,156.474,152.257472625121,160.690527374879
"tiantongshan.47","tiantongshan",47,158.424,154.742726337831,162.105273662169
"tiantongshan.48","tiantongshan",48,160.23,157.12988537136,163.33011462864
"tiantongshan.49","tiantongshan",49,162.175,160.095890166995,164.254109833005
"tiantongshan.50","tiantongshan",50,164,164,164
"changbaishan.1","changbaishan",1,7.859,2.81116882219704,12.906831177803
"changbaishan.2","changbaishan",2,13.945,7.79456889293094,20.0954311070691
"changbaishan.3","changbaishan",3,19.124,12.5261097193,25.7218902807
"changbaishan.4","changbaishan",4,24.053,17.0199597857929,31.0860402142071
"changbaishan.5","changbaishan",5,28.636,21.2415302974329,36.0304697025671
"changbaishan.6","changbaishan",6,32.881,25.273456788574,40.488543211426
"changbaishan.7","changbaishan",7,36.959,28.9691842226397,44.9488157773603
"changbaishan.8","changbaishan",8,40.833,32.522875502186,49.143124497814
"changbaishan.9","changbaishan",9,44.568,36.2667780245143,52.8692219754857
"changbaishan.10","changbaishan",10,48.249,39.9973887580614,56.5006112419386
"changbaishan.11","changbaishan",11,51.801,43.5061700919667,60.0958299080333
"changbaishan.12","changbaishan",12,55.395,47.2254396252481,63.5645603747519
"changbaishan.13","changbaishan",13,58.689,50.5686416815993,66.8093583184007
"changbaishan.14","changbaishan",14,61.947,53.8885181249735,70.0054818750265
"changbaishan.15","changbaishan",15,65.125,57.1928947754525,73.0571052245475
"changbaishan.16","changbaishan",16,68.267,60.3780237072896,76.1559762927104
"changbaishan.17","changbaishan",17,71.363,63.4551706666896,79.2708293333104
"changbaishan.18","changbaishan",18,74.407,66.6117375209607,82.2022624790392
"changbaishan.19","changbaishan",19,77.217,69.4771151935693,84.9568848064307
"changbaishan.20","changbaishan",20,80.075,72.6241685101668,87.5258314898332
"changbaishan.21","changbaishan",21,82.905,75.6852978524665,90.1247021475335
"changbaishan.22","changbaishan",22,85.526,78.4753947043509,92.5766052956491
"changbaishan.23","changbaishan",23,88.357,81.4628662560058,95.2511337439942
"changbaishan.24","changbaishan",24,90.982,84.2415913247705,97.7224086752295
"changbaishan.25","changbaishan",25,93.522,87.0224800362058,100.021519963794
"changbaishan.26","changbaishan",26,96.011,89.5628640323379,102.459135967662
"changbaishan.27","changbaishan",27,98.53,92.1777207672008,104.882279232799
"changbaishan.28","changbaishan",28,100.958,94.9187360788993,106.997263921101
"changbaishan.29","changbaishan",29,103.273,97.4518010378138,109.094198962186
"changbaishan.30","changbaishan",30,105.691,100.132365507841,111.249634492159
"changbaishan.31","changbaishan",31,108.027,102.696081721721,113.357918278279
"changbaishan.32","changbaishan",32,110.274,105.254625724444,115.293374275556
"changbaishan.33","changbaishan",33,112.501,107.718231568027,117.283768431973
"changbaishan.34","changbaishan",34,114.62,110.155525615312,119.084474384688
"changbaishan.35","changbaishan",35,116.783,112.864164934797,120.701835065203
"changbaishan.36","changbaishan",36,118.905,115.515684071606,122.294315928394
"changbaishan.37","changbaishan",37,120.996,118.262237490663,123.729762509337
"changbaishan.38","changbaishan",38,123.019,121.103717434083,124.934282565917
"changbaishan.39","changbaishan",39,125,125,125
"xiaoxinganling.1","xiaoxinganling",1,17.584,10.3833894152792,24.7846105847208
"xiaoxinganling.2","xiaoxinganling",2,29.867,21.8251107329818,37.9088892670182
"xiaoxinganling.3","xiaoxinganling",3,40.418,31.878433254538,48.957566745462
"xiaoxinganling.4","xiaoxinganling",4,49.636,41.3467167851366,57.9252832148634
"xiaoxinganling.5","xiaoxinganling",5,58.083,50.0018233272365,66.1641766727635
"xiaoxinganling.6","xiaoxinganling",6,65.793,58.0532290049992,73.5327709950008
"xiaoxinganling.7","xiaoxinganling",7,72.781,65.4313703456531,80.130629654347
"xiaoxinganling.8","xiaoxinganling",8,79.257,72.2816429047248,86.2323570952752
"xiaoxinganling.9","xiaoxinganling",9,85.31,78.6316393852607,91.9883606147393
"xiaoxinganling.10","xiaoxinganling",10,90.92,84.6460090083773,97.1939909916227
"xiaoxinganling.11","xiaoxinganling",11,96.105,90.2283930274767,101.981606972523
"xiaoxinganling.12","xiaoxinganling",12,101.024,95.3980711811226,106.649928818877
"xiaoxinganling.13","xiaoxinganling",13,105.803,100.597686725442,111.008313274558
"xiaoxinganling.14","xiaoxinganling",14,110.271,105.495818185518,115.046181814482
"xiaoxinganling.15","xiaoxinganling",15,114.458,110.159079587069,118.756920412931
"xiaoxinganling.16","xiaoxinganling",16,118.411,114.653581045825,122.168418954175
"xiaoxinganling.17","xiaoxinganling",17,122.313,119.170245172161,125.455754827839
"xiaoxinganling.18","xiaoxinganling",18,126.111,123.602021328514,128.619978671486
"xiaoxinganling.19","xiaoxinganling",19,129.629,127.827721675142,131.430278324858
"xiaoxinganling.20","xiaoxinganling",20,133,133,133
"qinzhou.1","qinzhou",1,4,2.04598315816321,5.95401684183679
"qinzhou.2","qinzhou",2,7.60869565217391,5.20152586107856,10.0158654432693
"qinzhou.3","qinzhou",3,10.4347826086957,8.30648651351183,12.5630787038795
"qinzhou.4","qinzhou",4,13,13,13
