"","Class.y","estimate","std.error","statistic","p.value","lower","upper","sig","group"
"1","Agaricomycetes",0.0168908469420068,0.00816864945087512,2.06776494004125,0.0396708290229956,0.000880294018291563,0.032901399865722,"p < 0.05","phy"
"2","Dothideomycetes",-0.294850606269823,0.0532956383961588,-5.53235902867192,7.82472637299437e-08,-0.399310057526294,-0.190391155013352,"p < 0.05","phy"
"3","Eurotiomycetes",-0.0453274795903013,0.0067123726635538,-6.75282524708679,9.74821969985311e-11,-0.0584837300108668,-0.0321712291697359,"p < 0.05","phy"
"4","Exobasidiomycetes",-0.00820357079524801,0.00465364745010242,-1.76282601619671,0.0791276763129416,-0.0173247197974488,0.000917578206952735,"ns","phy"
"5","Leotiomycetes",0.00427450540180332,0.00578366400844655,0.739065304547562,0.460547089337807,-0.00706147605475191,0.0156104868583586,"ns","phy"
"6","Sordariomycetes",-0.802896429812892,0.0637591395831563,-12.5926484432202,1.3395458738521e-28,-0.927864343395879,-0.677928516229906,"p < 0.05","phy"
"7","Taphrinomycetes",0.162183097708153,0.0144268686319048,11.2417394131869,4.42546819795921e-24,0.133906435189619,0.190459760226686,"p < 0.05","phy"
"8","Ustilaginomycetes",-0.0132539502387955,0.00551241241777339,-2.40438291519362,0.0169135372541673,-0.0240582785776314,-0.00244962189995968,"p < 0.05","phy"
"9","Agaricomycetes",0.0858846389334664,0.00866285274004335,9.91412892619904,8.29678372929655e-20,0.0689054475629814,0.102863830303951,"p < 0.05","rhi"
"10","Dothideomycetes",0.0293140013758265,0.0158018600630016,1.8550981504046,0.0647362937216998,-0.00165764434765655,0.0602856470993096,"ns","rhi"
"11","Eurotiomycetes",-0.00611163774333853,0.0025059098531242,-2.4388897053575,0.0154152896020373,-0.011023221055462,-0.0012000544312151,"p < 0.05","rhi"
"12","Exobasidiomycetes",-0.00015948770532893,0.000476637120779413,-0.334610332212754,0.738194107495274,-0.00109369646205658,0.000774721051398719,"ns","rhi"
"13","Leotiomycetes",0.0369801577472566,0.00562429682118494,6.57507221311011,2.73181401587776e-10,0.0259565359777341,0.0480037795167791,"p < 0.05","rhi"
"14","Sordariomycetes",-0.140664780429186,0.035133299847301,-4.00374519446093,8.18097934882748e-05,-0.209526048129896,-0.0718035127284765,"p < 0.05","rhi"
"15","Taphrinomycetes",0.000563263262557602,0.000475435081549978,1.1847322261565,0.237226338699793,-0.000368589497280354,0.00149511602239556,"ns","rhi"
"16","Ustilaginomycetes",-0.000684052454723233,0.00132917585792351,-0.514644056048298,0.607247539791732,-0.00328923713625332,0.00192113222680685,"ns","rhi"
