"","lat","richness","sample_source"
"1",39.979075,16,"phyllosphere"
"2",39.979075,12,"phyllosphere"
"3",39.979075,16,"phyllosphere"
"4",39.979075,10,"phyllosphere"
"5",39.979075,13,"phyllosphere"
"6",39.979075,9,"phyllosphere"
"7",39.979075,9,"phyllosphere"
"8",39.979075,13,"phyllosphere"
"9",39.979075,11,"phyllosphere"
"10",39.979075,13,"phyllosphere"
"11",39.979075,11,"phyllosphere"
"12",39.979075,13,"phyllosphere"
"13",39.979075,10,"phyllosphere"
"14",39.979075,13,"phyllosphere"
"15",39.979075,10,"phyllosphere"
"16",39.979075,13,"phyllosphere"
"17",39.979075,11,"phyllosphere"
"18",39.979075,6,"phyllosphere"
"19",39.979075,14,"phyllosphere"
"20",39.979075,17,"phyllosphere"
"21",39.979075,19,"phyllosphere"
"22",39.979075,13,"phyllosphere"
"23",39.979075,18,"phyllosphere"
"24",39.979075,13,"phyllosphere"
"25",39.979075,14,"phyllosphere"
"26",39.979075,10,"phyllosphere"
"27",39.979075,13,"phyllosphere"
"28",39.979075,16,"phyllosphere"
"29",39.979075,16,"phyllosphere"
"30",39.979075,10,"phyllosphere"
"31",39.979075,10,"phyllosphere"
"32",39.979075,16,"phyllosphere"
"33",39.979075,23,"phyllosphere"
"34",39.979075,17,"phyllosphere"
"35",29.784608,5,"phyllosphere"
"36",29.784608,11,"phyllosphere"
"37",29.784608,17,"phyllosphere"
"38",29.784608,22,"phyllosphere"
"39",29.784608,11,"phyllosphere"
"40",29.784608,12,"phyllosphere"
"41",29.784608,15,"phyllosphere"
"42",29.784608,17,"phyllosphere"
"43",29.784608,22,"phyllosphere"
"44",29.784608,17,"phyllosphere"
"45",29.784608,27,"phyllosphere"
"46",29.784608,27,"phyllosphere"
"47",29.784608,6,"phyllosphere"
"48",29.784608,4,"phyllosphere"
"49",29.784608,14,"phyllosphere"
"50",29.784608,14,"phyllosphere"
"51",29.784608,24,"phyllosphere"
"52",29.784608,16,"phyllosphere"
"53",29.784608,12,"phyllosphere"
"54",29.784608,35,"phyllosphere"
"55",29.784608,30,"phyllosphere"
"56",29.784608,18,"phyllosphere"
"57",29.784608,7,"phyllosphere"
"58",29.784608,19,"phyllosphere"
"59",29.784608,21,"phyllosphere"
"60",29.784608,9,"phyllosphere"
"61",29.784608,16,"phyllosphere"
"62",29.784608,13,"phyllosphere"
"63",29.784608,37,"phyllosphere"
"64",29.784608,26,"phyllosphere"
"65",29.784608,17,"phyllosphere"
"66",29.784608,9,"phyllosphere"
"67",29.784608,26,"phyllosphere"
"68",29.784608,22,"phyllosphere"
"69",29.784608,25,"phyllosphere"
"70",29.784608,22,"phyllosphere"
"71",29.784608,14,"phyllosphere"
"72",29.784608,22,"phyllosphere"
"73",29.784608,11,"phyllosphere"
"74",29.784608,17,"phyllosphere"
"75",29.784608,29,"phyllosphere"
"76",29.784608,17,"phyllosphere"
"77",29.784608,17,"phyllosphere"
"78",29.784608,37,"phyllosphere"
"79",29.784608,21,"phyllosphere"
"80",29.784608,27,"phyllosphere"
"81",29.784608,10,"phyllosphere"
"82",29.784608,7,"phyllosphere"
"83",29.784608,21,"phyllosphere"
"84",29.784608,25,"phyllosphere"
"85",29.784608,27,"phyllosphere"
"86",29.784608,28,"phyllosphere"
"87",22.245466,5,"phyllosphere"
"88",22.245466,12,"phyllosphere"
"89",22.245466,18,"phyllosphere"
"90",22.245466,41,"phyllosphere"
"91",22.245466,23,"phyllosphere"
"92",22.245466,31,"phyllosphere"
"93",22.245466,21,"phyllosphere"
"94",22.245466,34,"phyllosphere"
"95",22.245466,32,"phyllosphere"
"96",22.245466,45,"phyllosphere"
"97",22.245466,39,"phyllosphere"
"98",22.245466,38,"phyllosphere"
"99",22.245466,41,"phyllosphere"
"100",22.245466,40,"phyllosphere"
"101",22.245466,37,"phyllosphere"
"102",22.245466,32,"phyllosphere"
"103",22.245466,29,"phyllosphere"
"104",22.245466,23,"phyllosphere"
"105",22.245466,37,"phyllosphere"
"106",22.245466,29,"phyllosphere"
"107",22.245466,24,"phyllosphere"
"108",22.245466,27,"phyllosphere"
"109",22.245466,46,"phyllosphere"
"110",22.245466,45,"phyllosphere"
"111",22.245466,46,"phyllosphere"
"112",22.245466,27,"phyllosphere"
"113",22.245466,60,"phyllosphere"
"114",22.245466,43,"phyllosphere"
"115",22.245466,41,"phyllosphere"
"116",22.245466,15,"phyllosphere"
"117",22.245466,61,"phyllosphere"
"118",22.245466,50,"phyllosphere"
"119",22.245466,31,"phyllosphere"
"120",22.245466,51,"phyllosphere"
"121",22.245466,42,"phyllosphere"
"122",22.245466,34,"phyllosphere"
"123",22.245466,9,"phyllosphere"
"124",22.245466,8,"phyllosphere"
"125",22.245466,17,"phyllosphere"
"126",22.245466,10,"phyllosphere"
"127",22.245466,21,"phyllosphere"
"128",22.245466,27,"phyllosphere"
"129",22.245466,23,"phyllosphere"
"130",22.245466,32,"phyllosphere"
"131",22.245466,48,"phyllosphere"
"132",22.245466,12,"phyllosphere"
"133",22.245466,66,"phyllosphere"
"134",22.245466,58,"phyllosphere"
"135",22.245466,34,"phyllosphere"
"136",22.245466,44,"phyllosphere"
"137",22.245466,22,"phyllosphere"
"138",22.245466,102,"phyllosphere"
"139",22.245466,77,"phyllosphere"
"140",22.245466,78,"phyllosphere"
"141",22.245466,29,"phyllosphere"
"142",22.245466,25,"phyllosphere"
"143",22.245466,37,"phyllosphere"
"144",22.245466,48,"phyllosphere"
"145",29.806958,39,"phyllosphere"
"146",29.806958,47,"phyllosphere"
"147",29.806958,44,"phyllosphere"
"148",29.806958,52,"phyllosphere"
"149",29.806958,22,"phyllosphere"
"150",29.806958,44,"phyllosphere"
"151",29.806958,70,"phyllosphere"
"152",29.806958,41,"phyllosphere"
"153",29.806958,39,"phyllosphere"
"154",29.806958,42,"phyllosphere"
"155",29.806958,44,"phyllosphere"
"156",29.806958,35,"phyllosphere"
"157",29.806958,14,"phyllosphere"
"158",29.806958,40,"phyllosphere"
"159",29.806958,49,"phyllosphere"
"160",29.806958,55,"phyllosphere"
"161",29.806958,51,"phyllosphere"
"162",29.806958,47,"phyllosphere"
"163",29.806958,43,"phyllosphere"
"164",29.806958,67,"phyllosphere"
"165",29.806958,25,"phyllosphere"
"166",29.806958,25,"phyllosphere"
"167",29.806958,42,"phyllosphere"
"168",29.806958,32,"phyllosphere"
"169",29.806958,25,"phyllosphere"
"170",29.806958,32,"phyllosphere"
"171",29.806958,38,"phyllosphere"
"172",29.806958,38,"phyllosphere"
"173",29.806958,22,"phyllosphere"
"174",29.806958,35,"phyllosphere"
"175",29.806958,37,"phyllosphere"
"176",29.806958,42,"phyllosphere"
"177",29.806958,45,"phyllosphere"
"178",29.806958,44,"phyllosphere"
"179",29.806958,63,"phyllosphere"
"180",29.806958,35,"phyllosphere"
"181",29.806958,38,"phyllosphere"
"182",29.806958,43,"phyllosphere"
"183",29.806958,63,"phyllosphere"
"184",29.806958,26,"phyllosphere"
"185",29.806958,44,"phyllosphere"
"186",29.806958,39,"phyllosphere"
"187",29.806958,30,"phyllosphere"
"188",29.806958,47,"phyllosphere"
"189",29.806958,28,"phyllosphere"
"190",29.806958,29,"phyllosphere"
"191",29.806958,23,"phyllosphere"
"192",29.806958,43,"phyllosphere"
"193",29.806958,55,"phyllosphere"
"194",29.806958,34,"phyllosphere"
"195",42.228885,15,"phyllosphere"
"196",42.228885,19,"phyllosphere"
"197",42.228885,14,"phyllosphere"
"198",42.228885,24,"phyllosphere"
"199",42.228885,14,"phyllosphere"
"200",42.228885,5,"phyllosphere"
"201",42.228885,19,"phyllosphere"
"202",42.228885,11,"phyllosphere"
"203",42.228885,25,"phyllosphere"
"204",42.228885,26,"phyllosphere"
"205",42.228885,22,"phyllosphere"
"206",42.228885,19,"phyllosphere"
"207",42.228885,15,"phyllosphere"
"208",42.228885,15,"phyllosphere"
"209",42.228885,9,"phyllosphere"
"210",42.228885,12,"phyllosphere"
"211",42.228885,6,"phyllosphere"
"212",42.228885,23,"phyllosphere"
"213",42.228885,17,"phyllosphere"
"214",42.228885,13,"phyllosphere"
"215",42.228885,19,"phyllosphere"
"216",42.228885,17,"phyllosphere"
"217",42.228885,22,"phyllosphere"
"218",42.228885,13,"phyllosphere"
"219",42.228885,13,"phyllosphere"
"220",42.228885,10,"phyllosphere"
"221",42.228885,13,"phyllosphere"
"222",42.228885,7,"phyllosphere"
"223",42.228885,18,"phyllosphere"
"224",42.228885,14,"phyllosphere"
"225",42.228885,9,"phyllosphere"
"226",42.228885,9,"phyllosphere"
"227",42.228885,17,"phyllosphere"
"228",42.228885,11,"phyllosphere"
"229",42.228885,14,"phyllosphere"
"230",42.228885,11,"phyllosphere"
"231",42.228885,8,"phyllosphere"
"232",42.228885,17,"phyllosphere"
"233",42.228885,9,"phyllosphere"
"234",47.128904,8,"phyllosphere"
"235",47.128904,30,"phyllosphere"
"236",47.128904,11,"phyllosphere"
"237",47.128904,15,"phyllosphere"
"238",47.128904,19,"phyllosphere"
"239",47.128904,9,"phyllosphere"
"240",47.128904,19,"phyllosphere"
"241",47.128904,20,"phyllosphere"
"242",47.128904,24,"phyllosphere"
"243",47.128904,19,"phyllosphere"
"244",47.128904,25,"phyllosphere"
"245",47.128904,13,"phyllosphere"
"246",47.128904,22,"phyllosphere"
"247",47.128904,13,"phyllosphere"
"248",47.128904,28,"phyllosphere"
"249",47.128904,18,"phyllosphere"
"250",47.128904,14,"phyllosphere"
"251",47.128904,13,"phyllosphere"
"252",47.128904,9,"phyllosphere"
"253",47.128904,19,"phyllosphere"
"254",21.669367,22,"phyllosphere"
"255",21.669367,29,"phyllosphere"
"256",21.669367,40,"phyllosphere"
"257",21.669367,22,"phyllosphere"
"258",39.979075,13,"rhizosphere"
"259",39.979075,14,"rhizosphere"
"260",39.979075,13,"rhizosphere"
"261",39.979075,15,"rhizosphere"
"262",39.979075,7,"rhizosphere"
"263",39.979075,7,"rhizosphere"
"264",39.979075,5,"rhizosphere"
"265",39.979075,5,"rhizosphere"
"266",39.979075,16,"rhizosphere"
"267",39.979075,4,"rhizosphere"
"268",39.979075,1,"rhizosphere"
"269",39.979075,1,"rhizosphere"
"270",39.979075,9,"rhizosphere"
"271",39.979075,8,"rhizosphere"
"272",39.979075,7,"rhizosphere"
"273",39.979075,20,"rhizosphere"
"274",39.979075,9,"rhizosphere"
"275",39.979075,17,"rhizosphere"
"276",39.979075,10,"rhizosphere"
"277",39.979075,12,"rhizosphere"
"278",39.979075,9,"rhizosphere"
"279",39.979075,10,"rhizosphere"
"280",39.979075,9,"rhizosphere"
"281",39.979075,16,"rhizosphere"
"282",39.979075,8,"rhizosphere"
"283",39.979075,13,"rhizosphere"
"284",39.979075,17,"rhizosphere"
"285",39.979075,9,"rhizosphere"
"286",39.979075,18,"rhizosphere"
"287",39.979075,20,"rhizosphere"
"288",39.979075,8,"rhizosphere"
"289",39.979075,15,"rhizosphere"
"290",39.979075,12,"rhizosphere"
"291",39.979075,13,"rhizosphere"
"292",29.784608,11,"rhizosphere"
"293",29.784608,4,"rhizosphere"
"294",29.784608,9,"rhizosphere"
"295",29.784608,5,"rhizosphere"
"296",29.784608,3,"rhizosphere"
"297",29.784608,3,"rhizosphere"
"298",29.784608,7,"rhizosphere"
"299",29.784608,9,"rhizosphere"
"300",29.784608,11,"rhizosphere"
"301",29.784608,13,"rhizosphere"
"302",29.784608,9,"rhizosphere"
"303",29.784608,5,"rhizosphere"
"304",29.784608,12,"rhizosphere"
"305",29.784608,9,"rhizosphere"
"306",29.784608,15,"rhizosphere"
"307",29.784608,8,"rhizosphere"
"308",29.784608,6,"rhizosphere"
"309",29.784608,7,"rhizosphere"
"310",29.784608,4,"rhizosphere"
"311",29.784608,2,"rhizosphere"
"312",29.784608,3,"rhizosphere"
"313",29.784608,3,"rhizosphere"
"314",29.784608,2,"rhizosphere"
"315",29.784608,8,"rhizosphere"
"316",29.784608,2,"rhizosphere"
"317",29.784608,1,"rhizosphere"
"318",29.784608,9,"rhizosphere"
"319",29.784608,0,"rhizosphere"
"320",29.784608,6,"rhizosphere"
"321",29.784608,5,"rhizosphere"
"322",29.784608,2,"rhizosphere"
"323",29.784608,0,"rhizosphere"
"324",29.784608,4,"rhizosphere"
"325",29.784608,15,"rhizosphere"
"326",29.784608,7,"rhizosphere"
"327",29.784608,11,"rhizosphere"
"328",29.784608,7,"rhizosphere"
"329",29.784608,1,"rhizosphere"
"330",29.784608,1,"rhizosphere"
"331",29.784608,0,"rhizosphere"
"332",29.784608,3,"rhizosphere"
"333",29.784608,6,"rhizosphere"
"334",29.784608,3,"rhizosphere"
"335",29.784608,6,"rhizosphere"
"336",29.784608,4,"rhizosphere"
"337",29.784608,1,"rhizosphere"
"338",29.784608,4,"rhizosphere"
"339",29.784608,3,"rhizosphere"
"340",29.784608,2,"rhizosphere"
"341",29.784608,1,"rhizosphere"
"342",29.784608,1,"rhizosphere"
"343",29.784608,8,"rhizosphere"
"344",22.245466,13,"rhizosphere"
"345",22.245466,24,"rhizosphere"
"346",22.245466,8,"rhizosphere"
"347",22.245466,8,"rhizosphere"
"348",22.245466,13,"rhizosphere"
"349",22.245466,7,"rhizosphere"
"350",22.245466,12,"rhizosphere"
"351",22.245466,17,"rhizosphere"
"352",22.245466,9,"rhizosphere"
"353",22.245466,21,"rhizosphere"
"354",22.245466,29,"rhizosphere"
"355",22.245466,4,"rhizosphere"
"356",22.245466,5,"rhizosphere"
"357",22.245466,16,"rhizosphere"
"358",22.245466,17,"rhizosphere"
"359",22.245466,5,"rhizosphere"
"360",22.245466,10,"rhizosphere"
"361",22.245466,18,"rhizosphere"
"362",22.245466,18,"rhizosphere"
"363",22.245466,21,"rhizosphere"
"364",22.245466,11,"rhizosphere"
"365",22.245466,19,"rhizosphere"
"366",22.245466,17,"rhizosphere"
"367",22.245466,6,"rhizosphere"
"368",22.245466,17,"rhizosphere"
"369",22.245466,11,"rhizosphere"
"370",22.245466,14,"rhizosphere"
"371",22.245466,24,"rhizosphere"
"372",22.245466,15,"rhizosphere"
"373",22.245466,14,"rhizosphere"
"374",22.245466,15,"rhizosphere"
"375",22.245466,25,"rhizosphere"
"376",22.245466,23,"rhizosphere"
"377",22.245466,10,"rhizosphere"
"378",22.245466,12,"rhizosphere"
"379",22.245466,4,"rhizosphere"
"380",22.245466,7,"rhizosphere"
"381",22.245466,19,"rhizosphere"
"382",22.245466,13,"rhizosphere"
"383",22.245466,15,"rhizosphere"
"384",22.245466,14,"rhizosphere"
"385",22.245466,12,"rhizosphere"
"386",22.245466,8,"rhizosphere"
"387",22.245466,22,"rhizosphere"
"388",22.245466,13,"rhizosphere"
"389",22.245466,19,"rhizosphere"
"390",22.245466,5,"rhizosphere"
"391",22.245466,6,"rhizosphere"
"392",22.245466,15,"rhizosphere"
"393",22.245466,14,"rhizosphere"
"394",22.245466,21,"rhizosphere"
"395",22.245466,11,"rhizosphere"
"396",22.245466,15,"rhizosphere"
"397",22.245466,7,"rhizosphere"
"398",22.245466,21,"rhizosphere"
"399",22.245466,24,"rhizosphere"
"400",22.245466,4,"rhizosphere"
"401",22.245466,12,"rhizosphere"
"402",29.806958,10,"rhizosphere"
"403",29.806958,6,"rhizosphere"
"404",29.806958,0,"rhizosphere"
"405",29.806958,4,"rhizosphere"
"406",29.806958,16,"rhizosphere"
"407",29.806958,7,"rhizosphere"
"408",29.806958,10,"rhizosphere"
"409",29.806958,9,"rhizosphere"
"410",29.806958,21,"rhizosphere"
"411",29.806958,15,"rhizosphere"
"412",29.806958,21,"rhizosphere"
"413",29.806958,25,"rhizosphere"
"414",29.806958,15,"rhizosphere"
"415",29.806958,1,"rhizosphere"
"416",29.806958,9,"rhizosphere"
"417",29.806958,18,"rhizosphere"
"418",29.806958,3,"rhizosphere"
"419",29.806958,6,"rhizosphere"
"420",29.806958,15,"rhizosphere"
"421",29.806958,8,"rhizosphere"
"422",29.806958,10,"rhizosphere"
"423",29.806958,4,"rhizosphere"
"424",29.806958,20,"rhizosphere"
"425",29.806958,4,"rhizosphere"
"426",29.806958,12,"rhizosphere"
"427",29.806958,9,"rhizosphere"
"428",29.806958,10,"rhizosphere"
"429",29.806958,9,"rhizosphere"
"430",29.806958,8,"rhizosphere"
"431",29.806958,7,"rhizosphere"
"432",29.806958,1,"rhizosphere"
"433",29.806958,5,"rhizosphere"
"434",29.806958,10,"rhizosphere"
"435",29.806958,10,"rhizosphere"
"436",29.806958,2,"rhizosphere"
"437",29.806958,8,"rhizosphere"
"438",29.806958,3,"rhizosphere"
"439",29.806958,4,"rhizosphere"
"440",29.806958,13,"rhizosphere"
"441",29.806958,15,"rhizosphere"
"442",29.806958,3,"rhizosphere"
"443",29.806958,23,"rhizosphere"
"444",29.806958,13,"rhizosphere"
"445",29.806958,2,"rhizosphere"
"446",29.806958,9,"rhizosphere"
"447",29.806958,20,"rhizosphere"
"448",29.806958,10,"rhizosphere"
"449",29.806958,9,"rhizosphere"
"450",29.806958,7,"rhizosphere"
"451",29.806958,8,"rhizosphere"
"452",42.228885,2,"rhizosphere"
"453",42.228885,3,"rhizosphere"
"454",42.228885,11,"rhizosphere"
"455",42.228885,7,"rhizosphere"
"456",42.228885,5,"rhizosphere"
"457",42.228885,3,"rhizosphere"
"458",42.228885,5,"rhizosphere"
"459",42.228885,3,"rhizosphere"
"460",42.228885,6,"rhizosphere"
"461",42.228885,4,"rhizosphere"
"462",42.228885,7,"rhizosphere"
"463",42.228885,4,"rhizosphere"
"464",42.228885,5,"rhizosphere"
"465",42.228885,17,"rhizosphere"
"466",42.228885,14,"rhizosphere"
"467",42.228885,10,"rhizosphere"
"468",42.228885,10,"rhizosphere"
"469",42.228885,8,"rhizosphere"
"470",42.228885,2,"rhizosphere"
"471",42.228885,11,"rhizosphere"
"472",42.228885,10,"rhizosphere"
"473",42.228885,6,"rhizosphere"
"474",42.228885,6,"rhizosphere"
"475",42.228885,2,"rhizosphere"
"476",42.228885,1,"rhizosphere"
"477",42.228885,5,"rhizosphere"
"478",42.228885,2,"rhizosphere"
"479",42.228885,5,"rhizosphere"
"480",42.228885,7,"rhizosphere"
"481",42.228885,8,"rhizosphere"
"482",42.228885,14,"rhizosphere"
"483",42.228885,6,"rhizosphere"
"484",42.228885,9,"rhizosphere"
"485",42.228885,6,"rhizosphere"
"486",42.228885,16,"rhizosphere"
"487",42.228885,16,"rhizosphere"
"488",42.228885,18,"rhizosphere"
"489",42.228885,6,"rhizosphere"
"490",42.228885,21,"rhizosphere"
"491",47.128904,24,"rhizosphere"
"492",47.128904,18,"rhizosphere"
"493",47.128904,10,"rhizosphere"
"494",47.128904,6,"rhizosphere"
"495",47.128904,5,"rhizosphere"
"496",47.128904,15,"rhizosphere"
"497",47.128904,15,"rhizosphere"
"498",47.128904,29,"rhizosphere"
"499",47.128904,23,"rhizosphere"
"500",47.128904,26,"rhizosphere"
"501",47.128904,31,"rhizosphere"
"502",47.128904,18,"rhizosphere"
"503",47.128904,9,"rhizosphere"
"504",47.128904,15,"rhizosphere"
"505",47.128904,22,"rhizosphere"
"506",47.128904,15,"rhizosphere"
"507",47.128904,13,"rhizosphere"
"508",47.128904,12,"rhizosphere"
"509",47.128904,20,"rhizosphere"
"510",47.128904,20,"rhizosphere"
"511",21.669367,4,"rhizosphere"
"512",21.669367,3,"rhizosphere"
"513",21.669367,7,"rhizosphere"
"514",21.669367,2,"rhizosphere"
