"","sample","Class.y","richness","site"
"1","S1","Agaricomycetes",0,"donglingshan"
"2","S1","Dothideomycetes",4,"donglingshan"
"3","S1","Eurotiomycetes",0,"donglingshan"
"4","S1","Exobasidiomycetes",0,"donglingshan"
"5","S1","Leotiomycetes",0,"donglingshan"
"6","S1","Sordariomycetes",9,"donglingshan"
"7","S1","Taphrinomycetes",0,"donglingshan"
"8","S1","Ustilaginomycetes",0,"donglingshan"
"9","S10","Agaricomycetes",2,"donglingshan"
"10","S10","Dothideomycetes",0,"donglingshan"
"11","S10","Eurotiomycetes",0,"donglingshan"
"12","S10","Exobasidiomycetes",0,"donglingshan"
"13","S10","Leotiomycetes",0,"donglingshan"
"14","S10","Sordariomycetes",2,"donglingshan"
"15","S10","Taphrinomycetes",0,"donglingshan"
"16","S10","Ustilaginomycetes",0,"donglingshan"
"17","S100","Agaricomycetes",0,"badagongshan"
"18","S100","Dothideomycetes",0,"badagongshan"
"19","S100","Eurotiomycetes",0,"badagongshan"
"20","S100","Exobasidiomycetes",0,"badagongshan"
"21","S100","Leotiomycetes",0,"badagongshan"
"22","S100","Sordariomycetes",1,"badagongshan"
"23","S100","Taphrinomycetes",0,"badagongshan"
"24","S100","Ustilaginomycetes",0,"badagongshan"
"25","S101","Agaricomycetes",0,"badagongshan"
"26","S101","Dothideomycetes",1,"badagongshan"
"27","S101","Eurotiomycetes",0,"badagongshan"
"28","S101","Exobasidiomycetes",0,"badagongshan"
"29","S101","Leotiomycetes",0,"badagongshan"
"30","S101","Sordariomycetes",0,"badagongshan"
"31","S101","Taphrinomycetes",0,"badagongshan"
"32","S101","Ustilaginomycetes",0,"badagongshan"
"33","S102","Agaricomycetes",0,"badagongshan"
"34","S102","Dothideomycetes",0,"badagongshan"
"35","S102","Eurotiomycetes",0,"badagongshan"
"36","S102","Exobasidiomycetes",0,"badagongshan"
"37","S102","Leotiomycetes",0,"badagongshan"
"38","S102","Sordariomycetes",8,"badagongshan"
"39","S102","Taphrinomycetes",0,"badagongshan"
"40","S102","Ustilaginomycetes",0,"badagongshan"
"41","S106","Agaricomycetes",0,"nabanhe"
"42","S106","Dothideomycetes",5,"nabanhe"
"43","S106","Eurotiomycetes",1,"nabanhe"
"44","S106","Exobasidiomycetes",0,"nabanhe"
"45","S106","Leotiomycetes",1,"nabanhe"
"46","S106","Sordariomycetes",6,"nabanhe"
"47","S106","Taphrinomycetes",0,"nabanhe"
"48","S106","Ustilaginomycetes",0,"nabanhe"
"49","S107","Agaricomycetes",0,"nabanhe"
"50","S107","Dothideomycetes",4,"nabanhe"
"51","S107","Eurotiomycetes",1,"nabanhe"
"52","S107","Exobasidiomycetes",0,"nabanhe"
"53","S107","Leotiomycetes",1,"nabanhe"
"54","S107","Sordariomycetes",18,"nabanhe"
"55","S107","Taphrinomycetes",0,"nabanhe"
"56","S107","Ustilaginomycetes",0,"nabanhe"
"57","S108","Agaricomycetes",1,"nabanhe"
"58","S108","Dothideomycetes",2,"nabanhe"
"59","S108","Eurotiomycetes",0,"nabanhe"
"60","S108","Exobasidiomycetes",0,"nabanhe"
"61","S108","Leotiomycetes",0,"nabanhe"
"62","S108","Sordariomycetes",5,"nabanhe"
"63","S108","Taphrinomycetes",0,"nabanhe"
"64","S108","Ustilaginomycetes",0,"nabanhe"
"65","S109","Agaricomycetes",0,"nabanhe"
"66","S109","Dothideomycetes",0,"nabanhe"
"67","S109","Eurotiomycetes",1,"nabanhe"
"68","S109","Exobasidiomycetes",0,"nabanhe"
"69","S109","Leotiomycetes",0,"nabanhe"
"70","S109","Sordariomycetes",7,"nabanhe"
"71","S109","Taphrinomycetes",0,"nabanhe"
"72","S109","Ustilaginomycetes",0,"nabanhe"
"73","S11","Agaricomycetes",0,"donglingshan"
"74","S11","Dothideomycetes",0,"donglingshan"
"75","S11","Eurotiomycetes",0,"donglingshan"
"76","S11","Exobasidiomycetes",0,"donglingshan"
"77","S11","Leotiomycetes",0,"donglingshan"
"78","S11","Sordariomycetes",1,"donglingshan"
"79","S11","Taphrinomycetes",0,"donglingshan"
"80","S11","Ustilaginomycetes",0,"donglingshan"
"81","S110","Agaricomycetes",0,"nabanhe"
"82","S110","Dothideomycetes",1,"nabanhe"
"83","S110","Eurotiomycetes",1,"nabanhe"
"84","S110","Exobasidiomycetes",0,"nabanhe"
"85","S110","Leotiomycetes",0,"nabanhe"
"86","S110","Sordariomycetes",11,"nabanhe"
"87","S110","Taphrinomycetes",0,"nabanhe"
"88","S110","Ustilaginomycetes",0,"nabanhe"
"89","S111","Agaricomycetes",0,"nabanhe"
"90","S111","Dothideomycetes",2,"nabanhe"
"91","S111","Eurotiomycetes",0,"nabanhe"
"92","S111","Exobasidiomycetes",0,"nabanhe"
"93","S111","Leotiomycetes",0,"nabanhe"
"94","S111","Sordariomycetes",5,"nabanhe"
"95","S111","Taphrinomycetes",0,"nabanhe"
"96","S111","Ustilaginomycetes",0,"nabanhe"
"97","S112","Agaricomycetes",1,"nabanhe"
"98","S112","Dothideomycetes",2,"nabanhe"
"99","S112","Eurotiomycetes",0,"nabanhe"
"100","S112","Exobasidiomycetes",0,"nabanhe"
"101","S112","Leotiomycetes",0,"nabanhe"
"102","S112","Sordariomycetes",9,"nabanhe"
"103","S112","Taphrinomycetes",0,"nabanhe"
"104","S112","Ustilaginomycetes",0,"nabanhe"
"105","S113","Agaricomycetes",2,"nabanhe"
"106","S113","Dothideomycetes",2,"nabanhe"
"107","S113","Eurotiomycetes",0,"nabanhe"
"108","S113","Exobasidiomycetes",0,"nabanhe"
"109","S113","Leotiomycetes",0,"nabanhe"
"110","S113","Sordariomycetes",13,"nabanhe"
"111","S113","Taphrinomycetes",0,"nabanhe"
"112","S113","Ustilaginomycetes",0,"nabanhe"
"113","S114","Agaricomycetes",0,"nabanhe"
"114","S114","Dothideomycetes",3,"nabanhe"
"115","S114","Eurotiomycetes",1,"nabanhe"
"116","S114","Exobasidiomycetes",0,"nabanhe"
"117","S114","Leotiomycetes",0,"nabanhe"
"118","S114","Sordariomycetes",5,"nabanhe"
"119","S114","Taphrinomycetes",0,"nabanhe"
"120","S114","Ustilaginomycetes",0,"nabanhe"
"121","S115","Agaricomycetes",0,"nabanhe"
"122","S115","Dothideomycetes",2,"nabanhe"
"123","S115","Eurotiomycetes",0,"nabanhe"
"124","S115","Exobasidiomycetes",0,"nabanhe"
"125","S115","Leotiomycetes",0,"nabanhe"
"126","S115","Sordariomycetes",19,"nabanhe"
"127","S115","Taphrinomycetes",0,"nabanhe"
"128","S115","Ustilaginomycetes",0,"nabanhe"
"129","S116","Agaricomycetes",0,"nabanhe"
"130","S116","Dothideomycetes",3,"nabanhe"
"131","S116","Eurotiomycetes",1,"nabanhe"
"132","S116","Exobasidiomycetes",0,"nabanhe"
"133","S116","Leotiomycetes",0,"nabanhe"
"134","S116","Sordariomycetes",25,"nabanhe"
"135","S116","Taphrinomycetes",0,"nabanhe"
"136","S116","Ustilaginomycetes",0,"nabanhe"
"137","S117","Agaricomycetes",1,"nabanhe"
"138","S117","Dothideomycetes",1,"nabanhe"
"139","S117","Eurotiomycetes",0,"nabanhe"
"140","S117","Exobasidiomycetes",0,"nabanhe"
"141","S117","Leotiomycetes",0,"nabanhe"
"142","S117","Sordariomycetes",2,"nabanhe"
"143","S117","Taphrinomycetes",0,"nabanhe"
"144","S117","Ustilaginomycetes",0,"nabanhe"
"145","S118","Agaricomycetes",0,"nabanhe"
"146","S118","Dothideomycetes",1,"nabanhe"
"147","S118","Eurotiomycetes",0,"nabanhe"
"148","S118","Exobasidiomycetes",0,"nabanhe"
"149","S118","Leotiomycetes",1,"nabanhe"
"150","S118","Sordariomycetes",3,"nabanhe"
"151","S118","Taphrinomycetes",0,"nabanhe"
"152","S118","Ustilaginomycetes",0,"nabanhe"
"153","S119","Agaricomycetes",0,"nabanhe"
"154","S119","Dothideomycetes",1,"nabanhe"
"155","S119","Eurotiomycetes",0,"nabanhe"
"156","S119","Exobasidiomycetes",0,"nabanhe"
"157","S119","Leotiomycetes",0,"nabanhe"
"158","S119","Sordariomycetes",15,"nabanhe"
"159","S119","Taphrinomycetes",0,"nabanhe"
"160","S119","Ustilaginomycetes",0,"nabanhe"
"161","S12","Agaricomycetes",0,"donglingshan"
"162","S12","Dothideomycetes",0,"donglingshan"
"163","S12","Eurotiomycetes",0,"donglingshan"
"164","S12","Exobasidiomycetes",0,"donglingshan"
"165","S12","Leotiomycetes",0,"donglingshan"
"166","S12","Sordariomycetes",1,"donglingshan"
"167","S12","Taphrinomycetes",0,"donglingshan"
"168","S12","Ustilaginomycetes",0,"donglingshan"
"169","S120","Agaricomycetes",1,"nabanhe"
"170","S120","Dothideomycetes",7,"nabanhe"
"171","S120","Eurotiomycetes",0,"nabanhe"
"172","S120","Exobasidiomycetes",0,"nabanhe"
"173","S120","Leotiomycetes",0,"nabanhe"
"174","S120","Sordariomycetes",9,"nabanhe"
"175","S120","Taphrinomycetes",0,"nabanhe"
"176","S120","Ustilaginomycetes",0,"nabanhe"
"177","S121","Agaricomycetes",0,"nabanhe"
"178","S121","Dothideomycetes",2,"nabanhe"
"179","S121","Eurotiomycetes",0,"nabanhe"
"180","S121","Exobasidiomycetes",0,"nabanhe"
"181","S121","Leotiomycetes",0,"nabanhe"
"182","S121","Sordariomycetes",3,"nabanhe"
"183","S121","Taphrinomycetes",0,"nabanhe"
"184","S121","Ustilaginomycetes",0,"nabanhe"
"185","S122","Agaricomycetes",0,"nabanhe"
"186","S122","Dothideomycetes",1,"nabanhe"
"187","S122","Eurotiomycetes",0,"nabanhe"
"188","S122","Exobasidiomycetes",0,"nabanhe"
"189","S122","Leotiomycetes",0,"nabanhe"
"190","S122","Sordariomycetes",9,"nabanhe"
"191","S122","Taphrinomycetes",0,"nabanhe"
"192","S122","Ustilaginomycetes",0,"nabanhe"
"193","S123","Agaricomycetes",0,"nabanhe"
"194","S123","Dothideomycetes",2,"nabanhe"
"195","S123","Eurotiomycetes",0,"nabanhe"
"196","S123","Exobasidiomycetes",0,"nabanhe"
"197","S123","Leotiomycetes",0,"nabanhe"
"198","S123","Sordariomycetes",16,"nabanhe"
"199","S123","Taphrinomycetes",0,"nabanhe"
"200","S123","Ustilaginomycetes",0,"nabanhe"
"201","S124","Agaricomycetes",1,"nabanhe"
"202","S124","Dothideomycetes",4,"nabanhe"
"203","S124","Eurotiomycetes",0,"nabanhe"
"204","S124","Exobasidiomycetes",0,"nabanhe"
"205","S124","Leotiomycetes",0,"nabanhe"
"206","S124","Sordariomycetes",13,"nabanhe"
"207","S124","Taphrinomycetes",0,"nabanhe"
"208","S124","Ustilaginomycetes",0,"nabanhe"
"209","S125","Agaricomycetes",1,"nabanhe"
"210","S125","Dothideomycetes",8,"nabanhe"
"211","S125","Eurotiomycetes",0,"nabanhe"
"212","S125","Exobasidiomycetes",0,"nabanhe"
"213","S125","Leotiomycetes",0,"nabanhe"
"214","S125","Sordariomycetes",12,"nabanhe"
"215","S125","Taphrinomycetes",0,"nabanhe"
"216","S125","Ustilaginomycetes",0,"nabanhe"
"217","S126","Agaricomycetes",2,"nabanhe"
"218","S126","Dothideomycetes",0,"nabanhe"
"219","S126","Eurotiomycetes",0,"nabanhe"
"220","S126","Exobasidiomycetes",0,"nabanhe"
"221","S126","Leotiomycetes",0,"nabanhe"
"222","S126","Sordariomycetes",9,"nabanhe"
"223","S126","Taphrinomycetes",0,"nabanhe"
"224","S126","Ustilaginomycetes",0,"nabanhe"
"225","S127","Agaricomycetes",0,"nabanhe"
"226","S127","Dothideomycetes",6,"nabanhe"
"227","S127","Eurotiomycetes",1,"nabanhe"
"228","S127","Exobasidiomycetes",0,"nabanhe"
"229","S127","Leotiomycetes",0,"nabanhe"
"230","S127","Sordariomycetes",12,"nabanhe"
"231","S127","Taphrinomycetes",0,"nabanhe"
"232","S127","Ustilaginomycetes",0,"nabanhe"
"233","S128","Agaricomycetes",0,"nabanhe"
"234","S128","Dothideomycetes",0,"nabanhe"
"235","S128","Eurotiomycetes",0,"nabanhe"
"236","S128","Exobasidiomycetes",0,"nabanhe"
"237","S128","Leotiomycetes",0,"nabanhe"
"238","S128","Sordariomycetes",17,"nabanhe"
"239","S128","Taphrinomycetes",0,"nabanhe"
"240","S128","Ustilaginomycetes",0,"nabanhe"
"241","S129","Agaricomycetes",0,"nabanhe"
"242","S129","Dothideomycetes",1,"nabanhe"
"243","S129","Eurotiomycetes",0,"nabanhe"
"244","S129","Exobasidiomycetes",0,"nabanhe"
"245","S129","Leotiomycetes",0,"nabanhe"
"246","S129","Sordariomycetes",5,"nabanhe"
"247","S129","Taphrinomycetes",0,"nabanhe"
"248","S129","Ustilaginomycetes",0,"nabanhe"
"249","S13","Agaricomycetes",0,"donglingshan"
"250","S13","Dothideomycetes",3,"donglingshan"
"251","S13","Eurotiomycetes",0,"donglingshan"
"252","S13","Exobasidiomycetes",0,"donglingshan"
"253","S13","Leotiomycetes",0,"donglingshan"
"254","S13","Sordariomycetes",6,"donglingshan"
"255","S13","Taphrinomycetes",0,"donglingshan"
"256","S13","Ustilaginomycetes",0,"donglingshan"
"257","S130","Agaricomycetes",1,"nabanhe"
"258","S130","Dothideomycetes",2,"nabanhe"
"259","S130","Eurotiomycetes",0,"nabanhe"
"260","S130","Exobasidiomycetes",0,"nabanhe"
"261","S130","Leotiomycetes",0,"nabanhe"
"262","S130","Sordariomycetes",14,"nabanhe"
"263","S130","Taphrinomycetes",0,"nabanhe"
"264","S130","Ustilaginomycetes",0,"nabanhe"
"265","S131","Agaricomycetes",0,"nabanhe"
"266","S131","Dothideomycetes",2,"nabanhe"
"267","S131","Eurotiomycetes",1,"nabanhe"
"268","S131","Exobasidiomycetes",0,"nabanhe"
"269","S131","Leotiomycetes",0,"nabanhe"
"270","S131","Sordariomycetes",8,"nabanhe"
"271","S131","Taphrinomycetes",0,"nabanhe"
"272","S131","Ustilaginomycetes",0,"nabanhe"
"273","S132","Agaricomycetes",2,"nabanhe"
"274","S132","Dothideomycetes",2,"nabanhe"
"275","S132","Eurotiomycetes",0,"nabanhe"
"276","S132","Exobasidiomycetes",0,"nabanhe"
"277","S132","Leotiomycetes",0,"nabanhe"
"278","S132","Sordariomycetes",10,"nabanhe"
"279","S132","Taphrinomycetes",0,"nabanhe"
"280","S132","Ustilaginomycetes",0,"nabanhe"
"281","S133","Agaricomycetes",0,"nabanhe"
"282","S133","Dothideomycetes",3,"nabanhe"
"283","S133","Eurotiomycetes",0,"nabanhe"
"284","S133","Exobasidiomycetes",0,"nabanhe"
"285","S133","Leotiomycetes",0,"nabanhe"
"286","S133","Sordariomycetes",21,"nabanhe"
"287","S133","Taphrinomycetes",0,"nabanhe"
"288","S133","Ustilaginomycetes",0,"nabanhe"
"289","S134","Agaricomycetes",1,"nabanhe"
"290","S134","Dothideomycetes",3,"nabanhe"
"291","S134","Eurotiomycetes",0,"nabanhe"
"292","S134","Exobasidiomycetes",0,"nabanhe"
"293","S134","Leotiomycetes",0,"nabanhe"
"294","S134","Sordariomycetes",11,"nabanhe"
"295","S134","Taphrinomycetes",0,"nabanhe"
"296","S134","Ustilaginomycetes",0,"nabanhe"
"297","S135","Agaricomycetes",0,"nabanhe"
"298","S135","Dothideomycetes",0,"nabanhe"
"299","S135","Eurotiomycetes",0,"nabanhe"
"300","S135","Exobasidiomycetes",0,"nabanhe"
"301","S135","Leotiomycetes",0,"nabanhe"
"302","S135","Sordariomycetes",14,"nabanhe"
"303","S135","Taphrinomycetes",0,"nabanhe"
"304","S135","Ustilaginomycetes",0,"nabanhe"
"305","S136","Agaricomycetes",2,"nabanhe"
"306","S136","Dothideomycetes",0,"nabanhe"
"307","S136","Eurotiomycetes",0,"nabanhe"
"308","S136","Exobasidiomycetes",0,"nabanhe"
"309","S136","Leotiomycetes",0,"nabanhe"
"310","S136","Sordariomycetes",13,"nabanhe"
"311","S136","Taphrinomycetes",0,"nabanhe"
"312","S136","Ustilaginomycetes",0,"nabanhe"
"313","S137","Agaricomycetes",0,"nabanhe"
"314","S137","Dothideomycetes",3,"nabanhe"
"315","S137","Eurotiomycetes",0,"nabanhe"
"316","S137","Exobasidiomycetes",0,"nabanhe"
"317","S137","Leotiomycetes",0,"nabanhe"
"318","S137","Sordariomycetes",22,"nabanhe"
"319","S137","Taphrinomycetes",0,"nabanhe"
"320","S137","Ustilaginomycetes",0,"nabanhe"
"321","S138","Agaricomycetes",1,"nabanhe"
"322","S138","Dothideomycetes",5,"nabanhe"
"323","S138","Eurotiomycetes",0,"nabanhe"
"324","S138","Exobasidiomycetes",0,"nabanhe"
"325","S138","Leotiomycetes",0,"nabanhe"
"326","S138","Sordariomycetes",17,"nabanhe"
"327","S138","Taphrinomycetes",0,"nabanhe"
"328","S138","Ustilaginomycetes",0,"nabanhe"
"329","S139","Agaricomycetes",1,"nabanhe"
"330","S139","Dothideomycetes",2,"nabanhe"
"331","S139","Eurotiomycetes",0,"nabanhe"
"332","S139","Exobasidiomycetes",0,"nabanhe"
"333","S139","Leotiomycetes",0,"nabanhe"
"334","S139","Sordariomycetes",7,"nabanhe"
"335","S139","Taphrinomycetes",0,"nabanhe"
"336","S139","Ustilaginomycetes",0,"nabanhe"
"337","S14","Agaricomycetes",1,"donglingshan"
"338","S14","Dothideomycetes",2,"donglingshan"
"339","S14","Eurotiomycetes",0,"donglingshan"
"340","S14","Exobasidiomycetes",0,"donglingshan"
"341","S14","Leotiomycetes",0,"donglingshan"
"342","S14","Sordariomycetes",5,"donglingshan"
"343","S14","Taphrinomycetes",0,"donglingshan"
"344","S14","Ustilaginomycetes",0,"donglingshan"
"345","S140","Agaricomycetes",0,"nabanhe"
"346","S140","Dothideomycetes",2,"nabanhe"
"347","S140","Eurotiomycetes",1,"nabanhe"
"348","S140","Exobasidiomycetes",0,"nabanhe"
"349","S140","Leotiomycetes",0,"nabanhe"
"350","S140","Sordariomycetes",9,"nabanhe"
"351","S140","Taphrinomycetes",0,"nabanhe"
"352","S140","Ustilaginomycetes",0,"nabanhe"
"353","S141","Agaricomycetes",0,"nabanhe"
"354","S141","Dothideomycetes",0,"nabanhe"
"355","S141","Eurotiomycetes",0,"nabanhe"
"356","S141","Exobasidiomycetes",0,"nabanhe"
"357","S141","Leotiomycetes",0,"nabanhe"
"358","S141","Sordariomycetes",4,"nabanhe"
"359","S141","Taphrinomycetes",0,"nabanhe"
"360","S141","Ustilaginomycetes",0,"nabanhe"
"361","S142","Agaricomycetes",0,"nabanhe"
"362","S142","Dothideomycetes",1,"nabanhe"
"363","S142","Eurotiomycetes",0,"nabanhe"
"364","S142","Exobasidiomycetes",0,"nabanhe"
"365","S142","Leotiomycetes",0,"nabanhe"
"366","S142","Sordariomycetes",6,"nabanhe"
"367","S142","Taphrinomycetes",0,"nabanhe"
"368","S142","Ustilaginomycetes",0,"nabanhe"
"369","S143","Agaricomycetes",1,"nabanhe"
"370","S143","Dothideomycetes",5,"nabanhe"
"371","S143","Eurotiomycetes",1,"nabanhe"
"372","S143","Exobasidiomycetes",0,"nabanhe"
"373","S143","Leotiomycetes",0,"nabanhe"
"374","S143","Sordariomycetes",12,"nabanhe"
"375","S143","Taphrinomycetes",0,"nabanhe"
"376","S143","Ustilaginomycetes",0,"nabanhe"
"377","S144","Agaricomycetes",2,"nabanhe"
"378","S144","Dothideomycetes",0,"nabanhe"
"379","S144","Eurotiomycetes",2,"nabanhe"
"380","S144","Exobasidiomycetes",0,"nabanhe"
"381","S144","Leotiomycetes",0,"nabanhe"
"382","S144","Sordariomycetes",9,"nabanhe"
"383","S144","Taphrinomycetes",0,"nabanhe"
"384","S144","Ustilaginomycetes",0,"nabanhe"
"385","S145","Agaricomycetes",1,"nabanhe"
"386","S145","Dothideomycetes",3,"nabanhe"
"387","S145","Eurotiomycetes",1,"nabanhe"
"388","S145","Exobasidiomycetes",0,"nabanhe"
"389","S145","Leotiomycetes",0,"nabanhe"
"390","S145","Sordariomycetes",10,"nabanhe"
"391","S145","Taphrinomycetes",0,"nabanhe"
"392","S145","Ustilaginomycetes",0,"nabanhe"
"393","S146","Agaricomycetes",5,"nabanhe"
"394","S146","Dothideomycetes",1,"nabanhe"
"395","S146","Eurotiomycetes",0,"nabanhe"
"396","S146","Exobasidiomycetes",0,"nabanhe"
"397","S146","Leotiomycetes",0,"nabanhe"
"398","S146","Sordariomycetes",8,"nabanhe"
"399","S146","Taphrinomycetes",0,"nabanhe"
"400","S146","Ustilaginomycetes",0,"nabanhe"
"401","S147","Agaricomycetes",1,"nabanhe"
"402","S147","Dothideomycetes",1,"nabanhe"
"403","S147","Eurotiomycetes",0,"nabanhe"
"404","S147","Exobasidiomycetes",0,"nabanhe"
"405","S147","Leotiomycetes",0,"nabanhe"
"406","S147","Sordariomycetes",10,"nabanhe"
"407","S147","Taphrinomycetes",0,"nabanhe"
"408","S147","Ustilaginomycetes",0,"nabanhe"
"409","S148","Agaricomycetes",1,"nabanhe"
"410","S148","Dothideomycetes",1,"nabanhe"
"411","S148","Eurotiomycetes",0,"nabanhe"
"412","S148","Exobasidiomycetes",0,"nabanhe"
"413","S148","Leotiomycetes",0,"nabanhe"
"414","S148","Sordariomycetes",6,"nabanhe"
"415","S148","Taphrinomycetes",0,"nabanhe"
"416","S148","Ustilaginomycetes",0,"nabanhe"
"417","S149","Agaricomycetes",3,"nabanhe"
"418","S149","Dothideomycetes",0,"nabanhe"
"419","S149","Eurotiomycetes",0,"nabanhe"
"420","S149","Exobasidiomycetes",0,"nabanhe"
"421","S149","Leotiomycetes",0,"nabanhe"
"422","S149","Sordariomycetes",19,"nabanhe"
"423","S149","Taphrinomycetes",0,"nabanhe"
"424","S149","Ustilaginomycetes",0,"nabanhe"
"425","S15","Agaricomycetes",2,"donglingshan"
"426","S15","Dothideomycetes",1,"donglingshan"
"427","S15","Eurotiomycetes",0,"donglingshan"
"428","S15","Exobasidiomycetes",0,"donglingshan"
"429","S15","Leotiomycetes",0,"donglingshan"
"430","S15","Sordariomycetes",4,"donglingshan"
"431","S15","Taphrinomycetes",0,"donglingshan"
"432","S15","Ustilaginomycetes",0,"donglingshan"
"433","S150","Agaricomycetes",0,"nabanhe"
"434","S150","Dothideomycetes",1,"nabanhe"
"435","S150","Eurotiomycetes",0,"nabanhe"
"436","S150","Exobasidiomycetes",0,"nabanhe"
"437","S150","Leotiomycetes",0,"nabanhe"
"438","S150","Sordariomycetes",12,"nabanhe"
"439","S150","Taphrinomycetes",0,"nabanhe"
"440","S150","Ustilaginomycetes",0,"nabanhe"
"441","S151","Agaricomycetes",2,"nabanhe"
"442","S151","Dothideomycetes",4,"nabanhe"
"443","S151","Eurotiomycetes",1,"nabanhe"
"444","S151","Exobasidiomycetes",0,"nabanhe"
"445","S151","Leotiomycetes",0,"nabanhe"
"446","S151","Sordariomycetes",12,"nabanhe"
"447","S151","Taphrinomycetes",0,"nabanhe"
"448","S151","Ustilaginomycetes",0,"nabanhe"
"449","S152","Agaricomycetes",0,"nabanhe"
"450","S152","Dothideomycetes",0,"nabanhe"
"451","S152","Eurotiomycetes",0,"nabanhe"
"452","S152","Exobasidiomycetes",0,"nabanhe"
"453","S152","Leotiomycetes",0,"nabanhe"
"454","S152","Sordariomycetes",5,"nabanhe"
"455","S152","Taphrinomycetes",0,"nabanhe"
"456","S152","Ustilaginomycetes",0,"nabanhe"
"457","S153","Agaricomycetes",0,"nabanhe"
"458","S153","Dothideomycetes",0,"nabanhe"
"459","S153","Eurotiomycetes",0,"nabanhe"
"460","S153","Exobasidiomycetes",0,"nabanhe"
"461","S153","Leotiomycetes",0,"nabanhe"
"462","S153","Sordariomycetes",6,"nabanhe"
"463","S153","Taphrinomycetes",0,"nabanhe"
"464","S153","Ustilaginomycetes",0,"nabanhe"
"465","S154","Agaricomycetes",1,"nabanhe"
"466","S154","Dothideomycetes",1,"nabanhe"
"467","S154","Eurotiomycetes",1,"nabanhe"
"468","S154","Exobasidiomycetes",0,"nabanhe"
"469","S154","Leotiomycetes",0,"nabanhe"
"470","S154","Sordariomycetes",12,"nabanhe"
"471","S154","Taphrinomycetes",0,"nabanhe"
"472","S154","Ustilaginomycetes",0,"nabanhe"
"473","S155","Agaricomycetes",1,"nabanhe"
"474","S155","Dothideomycetes",2,"nabanhe"
"475","S155","Eurotiomycetes",0,"nabanhe"
"476","S155","Exobasidiomycetes",0,"nabanhe"
"477","S155","Leotiomycetes",0,"nabanhe"
"478","S155","Sordariomycetes",11,"nabanhe"
"479","S155","Taphrinomycetes",0,"nabanhe"
"480","S155","Ustilaginomycetes",0,"nabanhe"
"481","S156","Agaricomycetes",1,"nabanhe"
"482","S156","Dothideomycetes",2,"nabanhe"
"483","S156","Eurotiomycetes",0,"nabanhe"
"484","S156","Exobasidiomycetes",0,"nabanhe"
"485","S156","Leotiomycetes",0,"nabanhe"
"486","S156","Sordariomycetes",18,"nabanhe"
"487","S156","Taphrinomycetes",0,"nabanhe"
"488","S156","Ustilaginomycetes",0,"nabanhe"
"489","S157","Agaricomycetes",0,"nabanhe"
"490","S157","Dothideomycetes",1,"nabanhe"
"491","S157","Eurotiomycetes",0,"nabanhe"
"492","S157","Exobasidiomycetes",0,"nabanhe"
"493","S157","Leotiomycetes",0,"nabanhe"
"494","S157","Sordariomycetes",10,"nabanhe"
"495","S157","Taphrinomycetes",0,"nabanhe"
"496","S157","Ustilaginomycetes",0,"nabanhe"
"497","S158","Agaricomycetes",3,"nabanhe"
"498","S158","Dothideomycetes",4,"nabanhe"
"499","S158","Eurotiomycetes",0,"nabanhe"
"500","S158","Exobasidiomycetes",0,"nabanhe"
"501","S158","Leotiomycetes",0,"nabanhe"
"502","S158","Sordariomycetes",8,"nabanhe"
"503","S158","Taphrinomycetes",0,"nabanhe"
"504","S158","Ustilaginomycetes",0,"nabanhe"
"505","S159","Agaricomycetes",0,"nabanhe"
"506","S159","Dothideomycetes",0,"nabanhe"
"507","S159","Eurotiomycetes",0,"nabanhe"
"508","S159","Exobasidiomycetes",0,"nabanhe"
"509","S159","Leotiomycetes",0,"nabanhe"
"510","S159","Sordariomycetes",7,"nabanhe"
"511","S159","Taphrinomycetes",0,"nabanhe"
"512","S159","Ustilaginomycetes",0,"nabanhe"
"513","S16","Agaricomycetes",1,"donglingshan"
"514","S16","Dothideomycetes",7,"donglingshan"
"515","S16","Eurotiomycetes",0,"donglingshan"
"516","S16","Exobasidiomycetes",0,"donglingshan"
"517","S16","Leotiomycetes",0,"donglingshan"
"518","S16","Sordariomycetes",12,"donglingshan"
"519","S16","Taphrinomycetes",0,"donglingshan"
"520","S16","Ustilaginomycetes",0,"donglingshan"
"521","S160","Agaricomycetes",0,"nabanhe"
"522","S160","Dothideomycetes",7,"nabanhe"
"523","S160","Eurotiomycetes",0,"nabanhe"
"524","S160","Exobasidiomycetes",0,"nabanhe"
"525","S160","Leotiomycetes",0,"nabanhe"
"526","S160","Sordariomycetes",14,"nabanhe"
"527","S160","Taphrinomycetes",0,"nabanhe"
"528","S160","Ustilaginomycetes",0,"nabanhe"
"529","S163","Agaricomycetes",0,"nabanhe"
"530","S163","Dothideomycetes",10,"nabanhe"
"531","S163","Eurotiomycetes",1,"nabanhe"
"532","S163","Exobasidiomycetes",0,"nabanhe"
"533","S163","Leotiomycetes",0,"nabanhe"
"534","S163","Sordariomycetes",13,"nabanhe"
"535","S163","Taphrinomycetes",0,"nabanhe"
"536","S163","Ustilaginomycetes",0,"nabanhe"
"537","S164","Agaricomycetes",0,"nabanhe"
"538","S164","Dothideomycetes",0,"nabanhe"
"539","S164","Eurotiomycetes",1,"nabanhe"
"540","S164","Exobasidiomycetes",0,"nabanhe"
"541","S164","Leotiomycetes",0,"nabanhe"
"542","S164","Sordariomycetes",3,"nabanhe"
"543","S164","Taphrinomycetes",0,"nabanhe"
"544","S164","Ustilaginomycetes",0,"nabanhe"
"545","S166","Agaricomycetes",0,"nabanhe"
"546","S166","Dothideomycetes",2,"nabanhe"
"547","S166","Eurotiomycetes",1,"nabanhe"
"548","S166","Exobasidiomycetes",0,"nabanhe"
"549","S166","Leotiomycetes",0,"nabanhe"
"550","S166","Sordariomycetes",9,"nabanhe"
"551","S166","Taphrinomycetes",0,"nabanhe"
"552","S166","Ustilaginomycetes",0,"nabanhe"
"553","S167","Agaricomycetes",0,"tiantongshan"
"554","S167","Dothideomycetes",5,"tiantongshan"
"555","S167","Eurotiomycetes",0,"tiantongshan"
"556","S167","Exobasidiomycetes",0,"tiantongshan"
"557","S167","Leotiomycetes",1,"tiantongshan"
"558","S167","Sordariomycetes",4,"tiantongshan"
"559","S167","Taphrinomycetes",0,"tiantongshan"
"560","S167","Ustilaginomycetes",0,"tiantongshan"
"561","S168","Agaricomycetes",0,"tiantongshan"
"562","S168","Dothideomycetes",2,"tiantongshan"
"563","S168","Eurotiomycetes",0,"tiantongshan"
"564","S168","Exobasidiomycetes",0,"tiantongshan"
"565","S168","Leotiomycetes",0,"tiantongshan"
"566","S168","Sordariomycetes",4,"tiantongshan"
"567","S168","Taphrinomycetes",0,"tiantongshan"
"568","S168","Ustilaginomycetes",0,"tiantongshan"
"569","S169","Agaricomycetes",0,"tiantongshan"
"570","S169","Dothideomycetes",0,"tiantongshan"
"571","S169","Eurotiomycetes",0,"tiantongshan"
"572","S169","Exobasidiomycetes",0,"tiantongshan"
"573","S169","Leotiomycetes",0,"tiantongshan"
"574","S169","Sordariomycetes",0,"tiantongshan"
"575","S169","Taphrinomycetes",0,"tiantongshan"
"576","S169","Ustilaginomycetes",0,"tiantongshan"
"577","S17","Agaricomycetes",3,"donglingshan"
"578","S17","Dothideomycetes",2,"donglingshan"
"579","S17","Eurotiomycetes",0,"donglingshan"
"580","S17","Exobasidiomycetes",0,"donglingshan"
"581","S17","Leotiomycetes",0,"donglingshan"
"582","S17","Sordariomycetes",4,"donglingshan"
"583","S17","Taphrinomycetes",0,"donglingshan"
"584","S17","Ustilaginomycetes",0,"donglingshan"
"585","S170","Agaricomycetes",0,"tiantongshan"
"586","S170","Dothideomycetes",1,"tiantongshan"
"587","S170","Eurotiomycetes",0,"tiantongshan"
"588","S170","Exobasidiomycetes",0,"tiantongshan"
"589","S170","Leotiomycetes",0,"tiantongshan"
"590","S170","Sordariomycetes",3,"tiantongshan"
"591","S170","Taphrinomycetes",0,"tiantongshan"
"592","S170","Ustilaginomycetes",0,"tiantongshan"
"593","S171","Agaricomycetes",1,"changbaishan"
"594","S171","Dothideomycetes",0,"changbaishan"
"595","S171","Eurotiomycetes",0,"changbaishan"
"596","S171","Exobasidiomycetes",0,"changbaishan"
"597","S171","Leotiomycetes",0,"changbaishan"
"598","S171","Sordariomycetes",1,"changbaishan"
"599","S171","Taphrinomycetes",0,"changbaishan"
"600","S171","Ustilaginomycetes",0,"changbaishan"
"601","S172","Agaricomycetes",1,"changbaishan"
"602","S172","Dothideomycetes",0,"changbaishan"
"603","S172","Eurotiomycetes",0,"changbaishan"
"604","S172","Exobasidiomycetes",0,"changbaishan"
"605","S172","Leotiomycetes",0,"changbaishan"
"606","S172","Sordariomycetes",2,"changbaishan"
"607","S172","Taphrinomycetes",0,"changbaishan"
"608","S172","Ustilaginomycetes",0,"changbaishan"
"609","S173","Agaricomycetes",2,"changbaishan"
"610","S173","Dothideomycetes",2,"changbaishan"
"611","S173","Eurotiomycetes",0,"changbaishan"
"612","S173","Exobasidiomycetes",0,"changbaishan"
"613","S173","Leotiomycetes",1,"changbaishan"
"614","S173","Sordariomycetes",6,"changbaishan"
"615","S173","Taphrinomycetes",0,"changbaishan"
"616","S173","Ustilaginomycetes",0,"changbaishan"
"617","S174","Agaricomycetes",1,"changbaishan"
"618","S174","Dothideomycetes",4,"changbaishan"
"619","S174","Eurotiomycetes",0,"changbaishan"
"620","S174","Exobasidiomycetes",0,"changbaishan"
"621","S174","Leotiomycetes",0,"changbaishan"
"622","S174","Sordariomycetes",2,"changbaishan"
"623","S174","Taphrinomycetes",0,"changbaishan"
"624","S174","Ustilaginomycetes",0,"changbaishan"
"625","S175","Agaricomycetes",1,"changbaishan"
"626","S175","Dothideomycetes",1,"changbaishan"
"627","S175","Eurotiomycetes",0,"changbaishan"
"628","S175","Exobasidiomycetes",0,"changbaishan"
"629","S175","Leotiomycetes",0,"changbaishan"
"630","S175","Sordariomycetes",3,"changbaishan"
"631","S175","Taphrinomycetes",0,"changbaishan"
"632","S175","Ustilaginomycetes",0,"changbaishan"
"633","S176","Agaricomycetes",2,"changbaishan"
"634","S176","Dothideomycetes",1,"changbaishan"
"635","S176","Eurotiomycetes",0,"changbaishan"
"636","S176","Exobasidiomycetes",0,"changbaishan"
"637","S176","Leotiomycetes",0,"changbaishan"
"638","S176","Sordariomycetes",0,"changbaishan"
"639","S176","Taphrinomycetes",0,"changbaishan"
"640","S176","Ustilaginomycetes",0,"changbaishan"
"641","S177","Agaricomycetes",2,"changbaishan"
"642","S177","Dothideomycetes",3,"changbaishan"
"643","S177","Eurotiomycetes",0,"changbaishan"
"644","S177","Exobasidiomycetes",0,"changbaishan"
"645","S177","Leotiomycetes",0,"changbaishan"
"646","S177","Sordariomycetes",0,"changbaishan"
"647","S177","Taphrinomycetes",0,"changbaishan"
"648","S177","Ustilaginomycetes",0,"changbaishan"
"649","S178","Agaricomycetes",1,"changbaishan"
"650","S178","Dothideomycetes",0,"changbaishan"
"651","S178","Eurotiomycetes",0,"changbaishan"
"652","S178","Exobasidiomycetes",0,"changbaishan"
"653","S178","Leotiomycetes",0,"changbaishan"
"654","S178","Sordariomycetes",2,"changbaishan"
"655","S178","Taphrinomycetes",0,"changbaishan"
"656","S178","Ustilaginomycetes",0,"changbaishan"
"657","S179","Agaricomycetes",1,"changbaishan"
"658","S179","Dothideomycetes",0,"changbaishan"
"659","S179","Eurotiomycetes",0,"changbaishan"
"660","S179","Exobasidiomycetes",0,"changbaishan"
"661","S179","Leotiomycetes",0,"changbaishan"
"662","S179","Sordariomycetes",5,"changbaishan"
"663","S179","Taphrinomycetes",0,"changbaishan"
"664","S179","Ustilaginomycetes",0,"changbaishan"
"665","S18","Agaricomycetes",1,"donglingshan"
"666","S18","Dothideomycetes",9,"donglingshan"
"667","S18","Eurotiomycetes",0,"donglingshan"
"668","S18","Exobasidiomycetes",0,"donglingshan"
"669","S18","Leotiomycetes",1,"donglingshan"
"670","S18","Sordariomycetes",6,"donglingshan"
"671","S18","Taphrinomycetes",0,"donglingshan"
"672","S18","Ustilaginomycetes",0,"donglingshan"
"673","S180","Agaricomycetes",0,"changbaishan"
"674","S180","Dothideomycetes",1,"changbaishan"
"675","S180","Eurotiomycetes",0,"changbaishan"
"676","S180","Exobasidiomycetes",0,"changbaishan"
"677","S180","Leotiomycetes",0,"changbaishan"
"678","S180","Sordariomycetes",3,"changbaishan"
"679","S180","Taphrinomycetes",0,"changbaishan"
"680","S180","Ustilaginomycetes",0,"changbaishan"
"681","S181","Agaricomycetes",3,"changbaishan"
"682","S181","Dothideomycetes",1,"changbaishan"
"683","S181","Eurotiomycetes",0,"changbaishan"
"684","S181","Exobasidiomycetes",0,"changbaishan"
"685","S181","Leotiomycetes",1,"changbaishan"
"686","S181","Sordariomycetes",2,"changbaishan"
"687","S181","Taphrinomycetes",0,"changbaishan"
"688","S181","Ustilaginomycetes",0,"changbaishan"
"689","S182","Agaricomycetes",3,"changbaishan"
"690","S182","Dothideomycetes",0,"changbaishan"
"691","S182","Eurotiomycetes",0,"changbaishan"
"692","S182","Exobasidiomycetes",0,"changbaishan"
"693","S182","Leotiomycetes",0,"changbaishan"
"694","S182","Sordariomycetes",1,"changbaishan"
"695","S182","Taphrinomycetes",0,"changbaishan"
"696","S182","Ustilaginomycetes",0,"changbaishan"
"697","S183","Agaricomycetes",2,"changbaishan"
"698","S183","Dothideomycetes",1,"changbaishan"
"699","S183","Eurotiomycetes",0,"changbaishan"
"700","S183","Exobasidiomycetes",0,"changbaishan"
"701","S183","Leotiomycetes",0,"changbaishan"
"702","S183","Sordariomycetes",2,"changbaishan"
"703","S183","Taphrinomycetes",0,"changbaishan"
"704","S183","Ustilaginomycetes",0,"changbaishan"
"705","S184","Agaricomycetes",5,"changbaishan"
"706","S184","Dothideomycetes",3,"changbaishan"
"707","S184","Eurotiomycetes",0,"changbaishan"
"708","S184","Exobasidiomycetes",0,"changbaishan"
"709","S184","Leotiomycetes",1,"changbaishan"
"710","S184","Sordariomycetes",8,"changbaishan"
"711","S184","Taphrinomycetes",0,"changbaishan"
"712","S184","Ustilaginomycetes",0,"changbaishan"
"713","S185","Agaricomycetes",4,"changbaishan"
"714","S185","Dothideomycetes",5,"changbaishan"
"715","S185","Eurotiomycetes",0,"changbaishan"
"716","S185","Exobasidiomycetes",0,"changbaishan"
"717","S185","Leotiomycetes",0,"changbaishan"
"718","S185","Sordariomycetes",5,"changbaishan"
"719","S185","Taphrinomycetes",0,"changbaishan"
"720","S185","Ustilaginomycetes",0,"changbaishan"
"721","S186","Agaricomycetes",5,"changbaishan"
"722","S186","Dothideomycetes",2,"changbaishan"
"723","S186","Eurotiomycetes",0,"changbaishan"
"724","S186","Exobasidiomycetes",0,"changbaishan"
"725","S186","Leotiomycetes",0,"changbaishan"
"726","S186","Sordariomycetes",3,"changbaishan"
"727","S186","Taphrinomycetes",0,"changbaishan"
"728","S186","Ustilaginomycetes",0,"changbaishan"
"729","S187","Agaricomycetes",2,"changbaishan"
"730","S187","Dothideomycetes",4,"changbaishan"
"731","S187","Eurotiomycetes",0,"changbaishan"
"732","S187","Exobasidiomycetes",0,"changbaishan"
"733","S187","Leotiomycetes",0,"changbaishan"
"734","S187","Sordariomycetes",4,"changbaishan"
"735","S187","Taphrinomycetes",0,"changbaishan"
"736","S187","Ustilaginomycetes",0,"changbaishan"
"737","S188","Agaricomycetes",2,"changbaishan"
"738","S188","Dothideomycetes",2,"changbaishan"
"739","S188","Eurotiomycetes",0,"changbaishan"
"740","S188","Exobasidiomycetes",0,"changbaishan"
"741","S188","Leotiomycetes",1,"changbaishan"
"742","S188","Sordariomycetes",3,"changbaishan"
"743","S188","Taphrinomycetes",0,"changbaishan"
"744","S188","Ustilaginomycetes",0,"changbaishan"
"745","S189","Agaricomycetes",1,"changbaishan"
"746","S189","Dothideomycetes",0,"changbaishan"
"747","S189","Eurotiomycetes",0,"changbaishan"
"748","S189","Exobasidiomycetes",0,"changbaishan"
"749","S189","Leotiomycetes",0,"changbaishan"
"750","S189","Sordariomycetes",1,"changbaishan"
"751","S189","Taphrinomycetes",0,"changbaishan"
"752","S189","Ustilaginomycetes",0,"changbaishan"
"753","S19","Agaricomycetes",1,"donglingshan"
"754","S19","Dothideomycetes",3,"donglingshan"
"755","S19","Eurotiomycetes",0,"donglingshan"
"756","S19","Exobasidiomycetes",0,"donglingshan"
"757","S19","Leotiomycetes",0,"donglingshan"
"758","S19","Sordariomycetes",6,"donglingshan"
"759","S19","Taphrinomycetes",0,"donglingshan"
"760","S19","Ustilaginomycetes",0,"donglingshan"
"761","S190","Agaricomycetes",2,"changbaishan"
"762","S190","Dothideomycetes",2,"changbaishan"
"763","S190","Eurotiomycetes",0,"changbaishan"
"764","S190","Exobasidiomycetes",0,"changbaishan"
"765","S190","Leotiomycetes",4,"changbaishan"
"766","S190","Sordariomycetes",2,"changbaishan"
"767","S190","Taphrinomycetes",1,"changbaishan"
"768","S190","Ustilaginomycetes",0,"changbaishan"
"769","S191","Agaricomycetes",1,"changbaishan"
"770","S191","Dothideomycetes",3,"changbaishan"
"771","S191","Eurotiomycetes",0,"changbaishan"
"772","S191","Exobasidiomycetes",0,"changbaishan"
"773","S191","Leotiomycetes",2,"changbaishan"
"774","S191","Sordariomycetes",4,"changbaishan"
"775","S191","Taphrinomycetes",0,"changbaishan"
"776","S191","Ustilaginomycetes",0,"changbaishan"
"777","S192","Agaricomycetes",2,"changbaishan"
"778","S192","Dothideomycetes",1,"changbaishan"
"779","S192","Eurotiomycetes",0,"changbaishan"
"780","S192","Exobasidiomycetes",0,"changbaishan"
"781","S192","Leotiomycetes",0,"changbaishan"
"782","S192","Sordariomycetes",3,"changbaishan"
"783","S192","Taphrinomycetes",0,"changbaishan"
"784","S192","Ustilaginomycetes",0,"changbaishan"
"785","S193","Agaricomycetes",3,"changbaishan"
"786","S193","Dothideomycetes",1,"changbaishan"
"787","S193","Eurotiomycetes",0,"changbaishan"
"788","S193","Exobasidiomycetes",0,"changbaishan"
"789","S193","Leotiomycetes",0,"changbaishan"
"790","S193","Sordariomycetes",2,"changbaishan"
"791","S193","Taphrinomycetes",0,"changbaishan"
"792","S193","Ustilaginomycetes",0,"changbaishan"
"793","S194","Agaricomycetes",1,"changbaishan"
"794","S194","Dothideomycetes",1,"changbaishan"
"795","S194","Eurotiomycetes",0,"changbaishan"
"796","S194","Exobasidiomycetes",0,"changbaishan"
"797","S194","Leotiomycetes",0,"changbaishan"
"798","S194","Sordariomycetes",0,"changbaishan"
"799","S194","Taphrinomycetes",0,"changbaishan"
"800","S194","Ustilaginomycetes",0,"changbaishan"
"801","S195","Agaricomycetes",1,"changbaishan"
"802","S195","Dothideomycetes",0,"changbaishan"
"803","S195","Eurotiomycetes",0,"changbaishan"
"804","S195","Exobasidiomycetes",0,"changbaishan"
"805","S195","Leotiomycetes",0,"changbaishan"
"806","S195","Sordariomycetes",0,"changbaishan"
"807","S195","Taphrinomycetes",0,"changbaishan"
"808","S195","Ustilaginomycetes",0,"changbaishan"
"809","S196","Agaricomycetes",1,"changbaishan"
"810","S196","Dothideomycetes",2,"changbaishan"
"811","S196","Eurotiomycetes",0,"changbaishan"
"812","S196","Exobasidiomycetes",0,"changbaishan"
"813","S196","Leotiomycetes",0,"changbaishan"
"814","S196","Sordariomycetes",2,"changbaishan"
"815","S196","Taphrinomycetes",0,"changbaishan"
"816","S196","Ustilaginomycetes",0,"changbaishan"
"817","S197","Agaricomycetes",1,"changbaishan"
"818","S197","Dothideomycetes",0,"changbaishan"
"819","S197","Eurotiomycetes",0,"changbaishan"
"820","S197","Exobasidiomycetes",0,"changbaishan"
"821","S197","Leotiomycetes",0,"changbaishan"
"822","S197","Sordariomycetes",1,"changbaishan"
"823","S197","Taphrinomycetes",0,"changbaishan"
"824","S197","Ustilaginomycetes",0,"changbaishan"
"825","S198","Agaricomycetes",0,"changbaishan"
"826","S198","Dothideomycetes",4,"changbaishan"
"827","S198","Eurotiomycetes",0,"changbaishan"
"828","S198","Exobasidiomycetes",0,"changbaishan"
"829","S198","Leotiomycetes",0,"changbaishan"
"830","S198","Sordariomycetes",1,"changbaishan"
"831","S198","Taphrinomycetes",0,"changbaishan"
"832","S198","Ustilaginomycetes",0,"changbaishan"
"833","S199","Agaricomycetes",2,"changbaishan"
"834","S199","Dothideomycetes",0,"changbaishan"
"835","S199","Eurotiomycetes",0,"changbaishan"
"836","S199","Exobasidiomycetes",0,"changbaishan"
"837","S199","Leotiomycetes",0,"changbaishan"
"838","S199","Sordariomycetes",5,"changbaishan"
"839","S199","Taphrinomycetes",0,"changbaishan"
"840","S199","Ustilaginomycetes",0,"changbaishan"
"841","S2","Agaricomycetes",1,"donglingshan"
"842","S2","Dothideomycetes",3,"donglingshan"
"843","S2","Eurotiomycetes",0,"donglingshan"
"844","S2","Exobasidiomycetes",0,"donglingshan"
"845","S2","Leotiomycetes",0,"donglingshan"
"846","S2","Sordariomycetes",10,"donglingshan"
"847","S2","Taphrinomycetes",0,"donglingshan"
"848","S2","Ustilaginomycetes",0,"donglingshan"
"849","S20","Agaricomycetes",2,"donglingshan"
"850","S20","Dothideomycetes",2,"donglingshan"
"851","S20","Eurotiomycetes",0,"donglingshan"
"852","S20","Exobasidiomycetes",0,"donglingshan"
"853","S20","Leotiomycetes",0,"donglingshan"
"854","S20","Sordariomycetes",8,"donglingshan"
"855","S20","Taphrinomycetes",0,"donglingshan"
"856","S20","Ustilaginomycetes",0,"donglingshan"
"857","S200","Agaricomycetes",2,"changbaishan"
"858","S200","Dothideomycetes",1,"changbaishan"
"859","S200","Eurotiomycetes",0,"changbaishan"
"860","S200","Exobasidiomycetes",0,"changbaishan"
"861","S200","Leotiomycetes",0,"changbaishan"
"862","S200","Sordariomycetes",5,"changbaishan"
"863","S200","Taphrinomycetes",0,"changbaishan"
"864","S200","Ustilaginomycetes",0,"changbaishan"
"865","S201","Agaricomycetes",2,"changbaishan"
"866","S201","Dothideomycetes",1,"changbaishan"
"867","S201","Eurotiomycetes",0,"changbaishan"
"868","S201","Exobasidiomycetes",0,"changbaishan"
"869","S201","Leotiomycetes",0,"changbaishan"
"870","S201","Sordariomycetes",11,"changbaishan"
"871","S201","Taphrinomycetes",0,"changbaishan"
"872","S201","Ustilaginomycetes",0,"changbaishan"
"873","S202","Agaricomycetes",2,"changbaishan"
"874","S202","Dothideomycetes",0,"changbaishan"
"875","S202","Eurotiomycetes",0,"changbaishan"
"876","S202","Exobasidiomycetes",0,"changbaishan"
"877","S202","Leotiomycetes",0,"changbaishan"
"878","S202","Sordariomycetes",4,"changbaishan"
"879","S202","Taphrinomycetes",0,"changbaishan"
"880","S202","Ustilaginomycetes",0,"changbaishan"
"881","S203","Agaricomycetes",2,"changbaishan"
"882","S203","Dothideomycetes",1,"changbaishan"
"883","S203","Eurotiomycetes",1,"changbaishan"
"884","S203","Exobasidiomycetes",0,"changbaishan"
"885","S203","Leotiomycetes",1,"changbaishan"
"886","S203","Sordariomycetes",4,"changbaishan"
"887","S203","Taphrinomycetes",0,"changbaishan"
"888","S203","Ustilaginomycetes",0,"changbaishan"
"889","S204","Agaricomycetes",2,"changbaishan"
"890","S204","Dothideomycetes",1,"changbaishan"
"891","S204","Eurotiomycetes",0,"changbaishan"
"892","S204","Exobasidiomycetes",0,"changbaishan"
"893","S204","Leotiomycetes",0,"changbaishan"
"894","S204","Sordariomycetes",3,"changbaishan"
"895","S204","Taphrinomycetes",0,"changbaishan"
"896","S204","Ustilaginomycetes",0,"changbaishan"
"897","S205","Agaricomycetes",4,"changbaishan"
"898","S205","Dothideomycetes",5,"changbaishan"
"899","S205","Eurotiomycetes",0,"changbaishan"
"900","S205","Exobasidiomycetes",0,"changbaishan"
"901","S205","Leotiomycetes",1,"changbaishan"
"902","S205","Sordariomycetes",6,"changbaishan"
"903","S205","Taphrinomycetes",0,"changbaishan"
"904","S205","Ustilaginomycetes",0,"changbaishan"
"905","S206","Agaricomycetes",2,"changbaishan"
"906","S206","Dothideomycetes",3,"changbaishan"
"907","S206","Eurotiomycetes",0,"changbaishan"
"908","S206","Exobasidiomycetes",0,"changbaishan"
"909","S206","Leotiomycetes",3,"changbaishan"
"910","S206","Sordariomycetes",8,"changbaishan"
"911","S206","Taphrinomycetes",0,"changbaishan"
"912","S206","Ustilaginomycetes",0,"changbaishan"
"913","S207","Agaricomycetes",2,"changbaishan"
"914","S207","Dothideomycetes",4,"changbaishan"
"915","S207","Eurotiomycetes",0,"changbaishan"
"916","S207","Exobasidiomycetes",0,"changbaishan"
"917","S207","Leotiomycetes",0,"changbaishan"
"918","S207","Sordariomycetes",12,"changbaishan"
"919","S207","Taphrinomycetes",0,"changbaishan"
"920","S207","Ustilaginomycetes",0,"changbaishan"
"921","S208","Agaricomycetes",1,"changbaishan"
"922","S208","Dothideomycetes",0,"changbaishan"
"923","S208","Eurotiomycetes",0,"changbaishan"
"924","S208","Exobasidiomycetes",0,"changbaishan"
"925","S208","Leotiomycetes",0,"changbaishan"
"926","S208","Sordariomycetes",5,"changbaishan"
"927","S208","Taphrinomycetes",0,"changbaishan"
"928","S208","Ustilaginomycetes",0,"changbaishan"
"929","S209","Agaricomycetes",4,"changbaishan"
"930","S209","Dothideomycetes",5,"changbaishan"
"931","S209","Eurotiomycetes",0,"changbaishan"
"932","S209","Exobasidiomycetes",0,"changbaishan"
"933","S209","Leotiomycetes",0,"changbaishan"
"934","S209","Sordariomycetes",12,"changbaishan"
"935","S209","Taphrinomycetes",0,"changbaishan"
"936","S209","Ustilaginomycetes",0,"changbaishan"
"937","S21","Agaricomycetes",2,"donglingshan"
"938","S21","Dothideomycetes",3,"donglingshan"
"939","S21","Eurotiomycetes",0,"donglingshan"
"940","S21","Exobasidiomycetes",0,"donglingshan"
"941","S21","Leotiomycetes",1,"donglingshan"
"942","S21","Sordariomycetes",3,"donglingshan"
"943","S21","Taphrinomycetes",0,"donglingshan"
"944","S21","Ustilaginomycetes",0,"donglingshan"
"945","S213","Agaricomycetes",7,"xiaoxinganling"
"946","S213","Dothideomycetes",4,"xiaoxinganling"
"947","S213","Eurotiomycetes",1,"xiaoxinganling"
"948","S213","Exobasidiomycetes",0,"xiaoxinganling"
"949","S213","Leotiomycetes",5,"xiaoxinganling"
"950","S213","Sordariomycetes",7,"xiaoxinganling"
"951","S213","Taphrinomycetes",0,"xiaoxinganling"
"952","S213","Ustilaginomycetes",0,"xiaoxinganling"
"953","S214","Agaricomycetes",4,"xiaoxinganling"
"954","S214","Dothideomycetes",4,"xiaoxinganling"
"955","S214","Eurotiomycetes",0,"xiaoxinganling"
"956","S214","Exobasidiomycetes",0,"xiaoxinganling"
"957","S214","Leotiomycetes",2,"xiaoxinganling"
"958","S214","Sordariomycetes",8,"xiaoxinganling"
"959","S214","Taphrinomycetes",0,"xiaoxinganling"
"960","S214","Ustilaginomycetes",0,"xiaoxinganling"
"961","S215","Agaricomycetes",4,"xiaoxinganling"
"962","S215","Dothideomycetes",2,"xiaoxinganling"
"963","S215","Eurotiomycetes",0,"xiaoxinganling"
"964","S215","Exobasidiomycetes",0,"xiaoxinganling"
"965","S215","Leotiomycetes",1,"xiaoxinganling"
"966","S215","Sordariomycetes",3,"xiaoxinganling"
"967","S215","Taphrinomycetes",0,"xiaoxinganling"
"968","S215","Ustilaginomycetes",0,"xiaoxinganling"
"969","S216","Agaricomycetes",2,"xiaoxinganling"
"970","S216","Dothideomycetes",1,"xiaoxinganling"
"971","S216","Eurotiomycetes",0,"xiaoxinganling"
"972","S216","Exobasidiomycetes",0,"xiaoxinganling"
"973","S216","Leotiomycetes",0,"xiaoxinganling"
"974","S216","Sordariomycetes",3,"xiaoxinganling"
"975","S216","Taphrinomycetes",0,"xiaoxinganling"
"976","S216","Ustilaginomycetes",0,"xiaoxinganling"
"977","S217","Agaricomycetes",1,"xiaoxinganling"
"978","S217","Dothideomycetes",1,"xiaoxinganling"
"979","S217","Eurotiomycetes",0,"xiaoxinganling"
"980","S217","Exobasidiomycetes",0,"xiaoxinganling"
"981","S217","Leotiomycetes",0,"xiaoxinganling"
"982","S217","Sordariomycetes",3,"xiaoxinganling"
"983","S217","Taphrinomycetes",0,"xiaoxinganling"
"984","S217","Ustilaginomycetes",0,"xiaoxinganling"
"985","S218","Agaricomycetes",5,"xiaoxinganling"
"986","S218","Dothideomycetes",2,"xiaoxinganling"
"987","S218","Eurotiomycetes",0,"xiaoxinganling"
"988","S218","Exobasidiomycetes",0,"xiaoxinganling"
"989","S218","Leotiomycetes",2,"xiaoxinganling"
"990","S218","Sordariomycetes",6,"xiaoxinganling"
"991","S218","Taphrinomycetes",0,"xiaoxinganling"
"992","S218","Ustilaginomycetes",0,"xiaoxinganling"
"993","S219","Agaricomycetes",3,"xiaoxinganling"
"994","S219","Dothideomycetes",4,"xiaoxinganling"
"995","S219","Eurotiomycetes",0,"xiaoxinganling"
"996","S219","Exobasidiomycetes",0,"xiaoxinganling"
"997","S219","Leotiomycetes",0,"xiaoxinganling"
"998","S219","Sordariomycetes",8,"xiaoxinganling"
"999","S219","Taphrinomycetes",0,"xiaoxinganling"
"1000","S219","Ustilaginomycetes",0,"xiaoxinganling"
"1001","S22","Agaricomycetes",1,"donglingshan"
"1002","S22","Dothideomycetes",2,"donglingshan"
"1003","S22","Eurotiomycetes",0,"donglingshan"
"1004","S22","Exobasidiomycetes",0,"donglingshan"
"1005","S22","Leotiomycetes",0,"donglingshan"
"1006","S22","Sordariomycetes",7,"donglingshan"
"1007","S22","Taphrinomycetes",0,"donglingshan"
"1008","S22","Ustilaginomycetes",0,"donglingshan"
"1009","S220","Agaricomycetes",5,"xiaoxinganling"
"1010","S220","Dothideomycetes",4,"xiaoxinganling"
"1011","S220","Eurotiomycetes",0,"xiaoxinganling"
"1012","S220","Exobasidiomycetes",0,"xiaoxinganling"
"1013","S220","Leotiomycetes",2,"xiaoxinganling"
"1014","S220","Sordariomycetes",18,"xiaoxinganling"
"1015","S220","Taphrinomycetes",0,"xiaoxinganling"
"1016","S220","Ustilaginomycetes",0,"xiaoxinganling"
"1017","S221","Agaricomycetes",4,"xiaoxinganling"
"1018","S221","Dothideomycetes",8,"xiaoxinganling"
"1019","S221","Eurotiomycetes",0,"xiaoxinganling"
"1020","S221","Exobasidiomycetes",0,"xiaoxinganling"
"1021","S221","Leotiomycetes",2,"xiaoxinganling"
"1022","S221","Sordariomycetes",9,"xiaoxinganling"
"1023","S221","Taphrinomycetes",0,"xiaoxinganling"
"1024","S221","Ustilaginomycetes",0,"xiaoxinganling"
"1025","S222","Agaricomycetes",3,"xiaoxinganling"
"1026","S222","Dothideomycetes",8,"xiaoxinganling"
"1027","S222","Eurotiomycetes",1,"xiaoxinganling"
"1028","S222","Exobasidiomycetes",0,"xiaoxinganling"
"1029","S222","Leotiomycetes",1,"xiaoxinganling"
"1030","S222","Sordariomycetes",13,"xiaoxinganling"
"1031","S222","Taphrinomycetes",0,"xiaoxinganling"
"1032","S222","Ustilaginomycetes",0,"xiaoxinganling"
"1033","S223","Agaricomycetes",1,"xiaoxinganling"
"1034","S223","Dothideomycetes",11,"xiaoxinganling"
"1035","S223","Eurotiomycetes",0,"xiaoxinganling"
"1036","S223","Exobasidiomycetes",0,"xiaoxinganling"
"1037","S223","Leotiomycetes",3,"xiaoxinganling"
"1038","S223","Sordariomycetes",16,"xiaoxinganling"
"1039","S223","Taphrinomycetes",0,"xiaoxinganling"
"1040","S223","Ustilaginomycetes",0,"xiaoxinganling"
"1041","S224","Agaricomycetes",5,"xiaoxinganling"
"1042","S224","Dothideomycetes",5,"xiaoxinganling"
"1043","S224","Eurotiomycetes",0,"xiaoxinganling"
"1044","S224","Exobasidiomycetes",0,"xiaoxinganling"
"1045","S224","Leotiomycetes",2,"xiaoxinganling"
"1046","S224","Sordariomycetes",6,"xiaoxinganling"
"1047","S224","Taphrinomycetes",0,"xiaoxinganling"
"1048","S224","Ustilaginomycetes",0,"xiaoxinganling"
"1049","S225","Agaricomycetes",1,"xiaoxinganling"
"1050","S225","Dothideomycetes",1,"xiaoxinganling"
"1051","S225","Eurotiomycetes",0,"xiaoxinganling"
"1052","S225","Exobasidiomycetes",0,"xiaoxinganling"
"1053","S225","Leotiomycetes",1,"xiaoxinganling"
"1054","S225","Sordariomycetes",6,"xiaoxinganling"
"1055","S225","Taphrinomycetes",0,"xiaoxinganling"
"1056","S225","Ustilaginomycetes",0,"xiaoxinganling"
"1057","S226","Agaricomycetes",1,"xiaoxinganling"
"1058","S226","Dothideomycetes",3,"xiaoxinganling"
"1059","S226","Eurotiomycetes",0,"xiaoxinganling"
"1060","S226","Exobasidiomycetes",0,"xiaoxinganling"
"1061","S226","Leotiomycetes",1,"xiaoxinganling"
"1062","S226","Sordariomycetes",10,"xiaoxinganling"
"1063","S226","Taphrinomycetes",0,"xiaoxinganling"
"1064","S226","Ustilaginomycetes",0,"xiaoxinganling"
"1065","S227","Agaricomycetes",3,"xiaoxinganling"
"1066","S227","Dothideomycetes",4,"xiaoxinganling"
"1067","S227","Eurotiomycetes",0,"xiaoxinganling"
"1068","S227","Exobasidiomycetes",0,"xiaoxinganling"
"1069","S227","Leotiomycetes",4,"xiaoxinganling"
"1070","S227","Sordariomycetes",11,"xiaoxinganling"
"1071","S227","Taphrinomycetes",0,"xiaoxinganling"
"1072","S227","Ustilaginomycetes",0,"xiaoxinganling"
"1073","S228","Agaricomycetes",4,"xiaoxinganling"
"1074","S228","Dothideomycetes",2,"xiaoxinganling"
"1075","S228","Eurotiomycetes",1,"xiaoxinganling"
"1076","S228","Exobasidiomycetes",0,"xiaoxinganling"
"1077","S228","Leotiomycetes",1,"xiaoxinganling"
"1078","S228","Sordariomycetes",7,"xiaoxinganling"
"1079","S228","Taphrinomycetes",0,"xiaoxinganling"
"1080","S228","Ustilaginomycetes",0,"xiaoxinganling"
"1081","S229","Agaricomycetes",5,"xiaoxinganling"
"1082","S229","Dothideomycetes",2,"xiaoxinganling"
"1083","S229","Eurotiomycetes",0,"xiaoxinganling"
"1084","S229","Exobasidiomycetes",0,"xiaoxinganling"
"1085","S229","Leotiomycetes",1,"xiaoxinganling"
"1086","S229","Sordariomycetes",5,"xiaoxinganling"
"1087","S229","Taphrinomycetes",0,"xiaoxinganling"
"1088","S229","Ustilaginomycetes",0,"xiaoxinganling"
"1089","S23","Agaricomycetes",2,"donglingshan"
"1090","S23","Dothideomycetes",3,"donglingshan"
"1091","S23","Eurotiomycetes",0,"donglingshan"
"1092","S23","Exobasidiomycetes",0,"donglingshan"
"1093","S23","Leotiomycetes",0,"donglingshan"
"1094","S23","Sordariomycetes",4,"donglingshan"
"1095","S23","Taphrinomycetes",0,"donglingshan"
"1096","S23","Ustilaginomycetes",0,"donglingshan"
"1097","S230","Agaricomycetes",2,"xiaoxinganling"
"1098","S230","Dothideomycetes",1,"xiaoxinganling"
"1099","S230","Eurotiomycetes",0,"xiaoxinganling"
"1100","S230","Exobasidiomycetes",0,"xiaoxinganling"
"1101","S230","Leotiomycetes",3,"xiaoxinganling"
"1102","S230","Sordariomycetes",6,"xiaoxinganling"
"1103","S230","Taphrinomycetes",0,"xiaoxinganling"
"1104","S230","Ustilaginomycetes",0,"xiaoxinganling"
"1105","S231","Agaricomycetes",2,"xiaoxinganling"
"1106","S231","Dothideomycetes",2,"xiaoxinganling"
"1107","S231","Eurotiomycetes",0,"xiaoxinganling"
"1108","S231","Exobasidiomycetes",0,"xiaoxinganling"
"1109","S231","Leotiomycetes",1,"xiaoxinganling"
"1110","S231","Sordariomycetes",15,"xiaoxinganling"
"1111","S231","Taphrinomycetes",0,"xiaoxinganling"
"1112","S231","Ustilaginomycetes",0,"xiaoxinganling"
"1113","S232","Agaricomycetes",5,"xiaoxinganling"
"1114","S232","Dothideomycetes",4,"xiaoxinganling"
"1115","S232","Eurotiomycetes",0,"xiaoxinganling"
"1116","S232","Exobasidiomycetes",0,"xiaoxinganling"
"1117","S232","Leotiomycetes",4,"xiaoxinganling"
"1118","S232","Sordariomycetes",7,"xiaoxinganling"
"1119","S232","Taphrinomycetes",0,"xiaoxinganling"
"1120","S232","Ustilaginomycetes",0,"xiaoxinganling"
"1121","S236","Agaricomycetes",0,"tiantongshan"
"1122","S236","Dothideomycetes",6,"tiantongshan"
"1123","S236","Eurotiomycetes",0,"tiantongshan"
"1124","S236","Exobasidiomycetes",0,"tiantongshan"
"1125","S236","Leotiomycetes",0,"tiantongshan"
"1126","S236","Sordariomycetes",9,"tiantongshan"
"1127","S236","Taphrinomycetes",0,"tiantongshan"
"1128","S236","Ustilaginomycetes",1,"tiantongshan"
"1129","S237","Agaricomycetes",0,"tiantongshan"
"1130","S237","Dothideomycetes",5,"tiantongshan"
"1131","S237","Eurotiomycetes",0,"tiantongshan"
"1132","S237","Exobasidiomycetes",0,"tiantongshan"
"1133","S237","Leotiomycetes",0,"tiantongshan"
"1134","S237","Sordariomycetes",2,"tiantongshan"
"1135","S237","Taphrinomycetes",0,"tiantongshan"
"1136","S237","Ustilaginomycetes",0,"tiantongshan"
"1137","S239","Agaricomycetes",0,"tiantongshan"
"1138","S239","Dothideomycetes",1,"tiantongshan"
"1139","S239","Eurotiomycetes",0,"tiantongshan"
"1140","S239","Exobasidiomycetes",0,"tiantongshan"
"1141","S239","Leotiomycetes",1,"tiantongshan"
"1142","S239","Sordariomycetes",8,"tiantongshan"
"1143","S239","Taphrinomycetes",0,"tiantongshan"
"1144","S239","Ustilaginomycetes",0,"tiantongshan"
"1145","S24","Agaricomycetes",1,"donglingshan"
"1146","S24","Dothideomycetes",4,"donglingshan"
"1147","S24","Eurotiomycetes",0,"donglingshan"
"1148","S24","Exobasidiomycetes",0,"donglingshan"
"1149","S24","Leotiomycetes",2,"donglingshan"
"1150","S24","Sordariomycetes",9,"donglingshan"
"1151","S24","Taphrinomycetes",0,"donglingshan"
"1152","S24","Ustilaginomycetes",0,"donglingshan"
"1153","S243","Agaricomycetes",1,"tiantongshan"
"1154","S243","Dothideomycetes",3,"tiantongshan"
"1155","S243","Eurotiomycetes",0,"tiantongshan"
"1156","S243","Exobasidiomycetes",0,"tiantongshan"
"1157","S243","Leotiomycetes",0,"tiantongshan"
"1158","S243","Sordariomycetes",5,"tiantongshan"
"1159","S243","Taphrinomycetes",0,"tiantongshan"
"1160","S243","Ustilaginomycetes",0,"tiantongshan"
"1161","S244","Agaricomycetes",1,"tiantongshan"
"1162","S244","Dothideomycetes",4,"tiantongshan"
"1163","S244","Eurotiomycetes",0,"tiantongshan"
"1164","S244","Exobasidiomycetes",0,"tiantongshan"
"1165","S244","Leotiomycetes",1,"tiantongshan"
"1166","S244","Sordariomycetes",15,"tiantongshan"
"1167","S244","Taphrinomycetes",0,"tiantongshan"
"1168","S244","Ustilaginomycetes",0,"tiantongshan"
"1169","S245","Agaricomycetes",2,"tiantongshan"
"1170","S245","Dothideomycetes",4,"tiantongshan"
"1171","S245","Eurotiomycetes",0,"tiantongshan"
"1172","S245","Exobasidiomycetes",0,"tiantongshan"
"1173","S245","Leotiomycetes",1,"tiantongshan"
"1174","S245","Sordariomycetes",8,"tiantongshan"
"1175","S245","Taphrinomycetes",0,"tiantongshan"
"1176","S245","Ustilaginomycetes",0,"tiantongshan"
"1177","S246","Agaricomycetes",0,"tiantongshan"
"1178","S246","Dothideomycetes",9,"tiantongshan"
"1179","S246","Eurotiomycetes",0,"tiantongshan"
"1180","S246","Exobasidiomycetes",0,"tiantongshan"
"1181","S246","Leotiomycetes",1,"tiantongshan"
"1182","S246","Sordariomycetes",10,"tiantongshan"
"1183","S246","Taphrinomycetes",0,"tiantongshan"
"1184","S246","Ustilaginomycetes",1,"tiantongshan"
"1185","S247","Agaricomycetes",1,"tiantongshan"
"1186","S247","Dothideomycetes",7,"tiantongshan"
"1187","S247","Eurotiomycetes",0,"tiantongshan"
"1188","S247","Exobasidiomycetes",0,"tiantongshan"
"1189","S247","Leotiomycetes",1,"tiantongshan"
"1190","S247","Sordariomycetes",16,"tiantongshan"
"1191","S247","Taphrinomycetes",0,"tiantongshan"
"1192","S247","Ustilaginomycetes",0,"tiantongshan"
"1193","S248","Agaricomycetes",1,"tiantongshan"
"1194","S248","Dothideomycetes",2,"tiantongshan"
"1195","S248","Eurotiomycetes",0,"tiantongshan"
"1196","S248","Exobasidiomycetes",0,"tiantongshan"
"1197","S248","Leotiomycetes",0,"tiantongshan"
"1198","S248","Sordariomycetes",12,"tiantongshan"
"1199","S248","Taphrinomycetes",0,"tiantongshan"
"1200","S248","Ustilaginomycetes",0,"tiantongshan"
"1201","S249","Agaricomycetes",0,"tiantongshan"
"1202","S249","Dothideomycetes",0,"tiantongshan"
"1203","S249","Eurotiomycetes",0,"tiantongshan"
"1204","S249","Exobasidiomycetes",0,"tiantongshan"
"1205","S249","Leotiomycetes",0,"tiantongshan"
"1206","S249","Sordariomycetes",1,"tiantongshan"
"1207","S249","Taphrinomycetes",0,"tiantongshan"
"1208","S249","Ustilaginomycetes",0,"tiantongshan"
"1209","S25","Agaricomycetes",1,"donglingshan"
"1210","S25","Dothideomycetes",2,"donglingshan"
"1211","S25","Eurotiomycetes",0,"donglingshan"
"1212","S25","Exobasidiomycetes",0,"donglingshan"
"1213","S25","Leotiomycetes",0,"donglingshan"
"1214","S25","Sordariomycetes",5,"donglingshan"
"1215","S25","Taphrinomycetes",0,"donglingshan"
"1216","S25","Ustilaginomycetes",0,"donglingshan"
"1217","S250","Agaricomycetes",0,"tiantongshan"
"1218","S250","Dothideomycetes",4,"tiantongshan"
"1219","S250","Eurotiomycetes",0,"tiantongshan"
"1220","S250","Exobasidiomycetes",0,"tiantongshan"
"1221","S250","Leotiomycetes",0,"tiantongshan"
"1222","S250","Sordariomycetes",5,"tiantongshan"
"1223","S250","Taphrinomycetes",0,"tiantongshan"
"1224","S250","Ustilaginomycetes",0,"tiantongshan"
"1225","S251","Agaricomycetes",1,"tiantongshan"
"1226","S251","Dothideomycetes",8,"tiantongshan"
"1227","S251","Eurotiomycetes",0,"tiantongshan"
"1228","S251","Exobasidiomycetes",0,"tiantongshan"
"1229","S251","Leotiomycetes",0,"tiantongshan"
"1230","S251","Sordariomycetes",9,"tiantongshan"
"1231","S251","Taphrinomycetes",0,"tiantongshan"
"1232","S251","Ustilaginomycetes",0,"tiantongshan"
"1233","S252","Agaricomycetes",2,"tiantongshan"
"1234","S252","Dothideomycetes",0,"tiantongshan"
"1235","S252","Eurotiomycetes",0,"tiantongshan"
"1236","S252","Exobasidiomycetes",0,"tiantongshan"
"1237","S252","Leotiomycetes",0,"tiantongshan"
"1238","S252","Sordariomycetes",1,"tiantongshan"
"1239","S252","Taphrinomycetes",0,"tiantongshan"
"1240","S252","Ustilaginomycetes",0,"tiantongshan"
"1241","S253","Agaricomycetes",2,"tiantongshan"
"1242","S253","Dothideomycetes",1,"tiantongshan"
"1243","S253","Eurotiomycetes",0,"tiantongshan"
"1244","S253","Exobasidiomycetes",0,"tiantongshan"
"1245","S253","Leotiomycetes",0,"tiantongshan"
"1246","S253","Sordariomycetes",3,"tiantongshan"
"1247","S253","Taphrinomycetes",0,"tiantongshan"
"1248","S253","Ustilaginomycetes",0,"tiantongshan"
"1249","S254","Agaricomycetes",3,"tiantongshan"
"1250","S254","Dothideomycetes",6,"tiantongshan"
"1251","S254","Eurotiomycetes",0,"tiantongshan"
"1252","S254","Exobasidiomycetes",0,"tiantongshan"
"1253","S254","Leotiomycetes",1,"tiantongshan"
"1254","S254","Sordariomycetes",5,"tiantongshan"
"1255","S254","Taphrinomycetes",0,"tiantongshan"
"1256","S254","Ustilaginomycetes",0,"tiantongshan"
"1257","S255","Agaricomycetes",0,"tiantongshan"
"1258","S255","Dothideomycetes",3,"tiantongshan"
"1259","S255","Eurotiomycetes",0,"tiantongshan"
"1260","S255","Exobasidiomycetes",0,"tiantongshan"
"1261","S255","Leotiomycetes",0,"tiantongshan"
"1262","S255","Sordariomycetes",5,"tiantongshan"
"1263","S255","Taphrinomycetes",0,"tiantongshan"
"1264","S255","Ustilaginomycetes",0,"tiantongshan"
"1265","S256","Agaricomycetes",3,"tiantongshan"
"1266","S256","Dothideomycetes",3,"tiantongshan"
"1267","S256","Eurotiomycetes",0,"tiantongshan"
"1268","S256","Exobasidiomycetes",0,"tiantongshan"
"1269","S256","Leotiomycetes",0,"tiantongshan"
"1270","S256","Sordariomycetes",3,"tiantongshan"
"1271","S256","Taphrinomycetes",0,"tiantongshan"
"1272","S256","Ustilaginomycetes",1,"tiantongshan"
"1273","S257","Agaricomycetes",1,"tiantongshan"
"1274","S257","Dothideomycetes",1,"tiantongshan"
"1275","S257","Eurotiomycetes",0,"tiantongshan"
"1276","S257","Exobasidiomycetes",0,"tiantongshan"
"1277","S257","Leotiomycetes",0,"tiantongshan"
"1278","S257","Sordariomycetes",2,"tiantongshan"
"1279","S257","Taphrinomycetes",0,"tiantongshan"
"1280","S257","Ustilaginomycetes",0,"tiantongshan"
"1281","S258","Agaricomycetes",1,"tiantongshan"
"1282","S258","Dothideomycetes",5,"tiantongshan"
"1283","S258","Eurotiomycetes",0,"tiantongshan"
"1284","S258","Exobasidiomycetes",0,"tiantongshan"
"1285","S258","Leotiomycetes",1,"tiantongshan"
"1286","S258","Sordariomycetes",13,"tiantongshan"
"1287","S258","Taphrinomycetes",0,"tiantongshan"
"1288","S258","Ustilaginomycetes",0,"tiantongshan"
"1289","S259","Agaricomycetes",0,"tiantongshan"
"1290","S259","Dothideomycetes",2,"tiantongshan"
"1291","S259","Eurotiomycetes",0,"tiantongshan"
"1292","S259","Exobasidiomycetes",0,"tiantongshan"
"1293","S259","Leotiomycetes",0,"tiantongshan"
"1294","S259","Sordariomycetes",2,"tiantongshan"
"1295","S259","Taphrinomycetes",0,"tiantongshan"
"1296","S259","Ustilaginomycetes",0,"tiantongshan"
"1297","S26","Agaricomycetes",4,"donglingshan"
"1298","S26","Dothideomycetes",4,"donglingshan"
"1299","S26","Eurotiomycetes",0,"donglingshan"
"1300","S26","Exobasidiomycetes",0,"donglingshan"
"1301","S26","Leotiomycetes",0,"donglingshan"
"1302","S26","Sordariomycetes",5,"donglingshan"
"1303","S26","Taphrinomycetes",0,"donglingshan"
"1304","S26","Ustilaginomycetes",0,"donglingshan"
"1305","S260","Agaricomycetes",2,"tiantongshan"
"1306","S260","Dothideomycetes",3,"tiantongshan"
"1307","S260","Eurotiomycetes",0,"tiantongshan"
"1308","S260","Exobasidiomycetes",0,"tiantongshan"
"1309","S260","Leotiomycetes",0,"tiantongshan"
"1310","S260","Sordariomycetes",7,"tiantongshan"
"1311","S260","Taphrinomycetes",0,"tiantongshan"
"1312","S260","Ustilaginomycetes",0,"tiantongshan"
"1313","S261","Agaricomycetes",1,"tiantongshan"
"1314","S261","Dothideomycetes",2,"tiantongshan"
"1315","S261","Eurotiomycetes",0,"tiantongshan"
"1316","S261","Exobasidiomycetes",0,"tiantongshan"
"1317","S261","Leotiomycetes",1,"tiantongshan"
"1318","S261","Sordariomycetes",5,"tiantongshan"
"1319","S261","Taphrinomycetes",0,"tiantongshan"
"1320","S261","Ustilaginomycetes",0,"tiantongshan"
"1321","S262","Agaricomycetes",1,"tiantongshan"
"1322","S262","Dothideomycetes",2,"tiantongshan"
"1323","S262","Eurotiomycetes",0,"tiantongshan"
"1324","S262","Exobasidiomycetes",0,"tiantongshan"
"1325","S262","Leotiomycetes",0,"tiantongshan"
"1326","S262","Sordariomycetes",7,"tiantongshan"
"1327","S262","Taphrinomycetes",0,"tiantongshan"
"1328","S262","Ustilaginomycetes",0,"tiantongshan"
"1329","S263","Agaricomycetes",1,"tiantongshan"
"1330","S263","Dothideomycetes",3,"tiantongshan"
"1331","S263","Eurotiomycetes",0,"tiantongshan"
"1332","S263","Exobasidiomycetes",0,"tiantongshan"
"1333","S263","Leotiomycetes",1,"tiantongshan"
"1334","S263","Sordariomycetes",4,"tiantongshan"
"1335","S263","Taphrinomycetes",0,"tiantongshan"
"1336","S263","Ustilaginomycetes",0,"tiantongshan"
"1337","S264","Agaricomycetes",1,"tiantongshan"
"1338","S264","Dothideomycetes",1,"tiantongshan"
"1339","S264","Eurotiomycetes",0,"tiantongshan"
"1340","S264","Exobasidiomycetes",0,"tiantongshan"
"1341","S264","Leotiomycetes",1,"tiantongshan"
"1342","S264","Sordariomycetes",5,"tiantongshan"
"1343","S264","Taphrinomycetes",0,"tiantongshan"
"1344","S264","Ustilaginomycetes",0,"tiantongshan"
"1345","S265","Agaricomycetes",0,"tiantongshan"
"1346","S265","Dothideomycetes",0,"tiantongshan"
"1347","S265","Eurotiomycetes",0,"tiantongshan"
"1348","S265","Exobasidiomycetes",0,"tiantongshan"
"1349","S265","Leotiomycetes",0,"tiantongshan"
"1350","S265","Sordariomycetes",7,"tiantongshan"
"1351","S265","Taphrinomycetes",0,"tiantongshan"
"1352","S265","Ustilaginomycetes",0,"tiantongshan"
"1353","S266","Agaricomycetes",0,"tiantongshan"
"1354","S266","Dothideomycetes",0,"tiantongshan"
"1355","S266","Eurotiomycetes",0,"tiantongshan"
"1356","S266","Exobasidiomycetes",0,"tiantongshan"
"1357","S266","Leotiomycetes",0,"tiantongshan"
"1358","S266","Sordariomycetes",1,"tiantongshan"
"1359","S266","Taphrinomycetes",0,"tiantongshan"
"1360","S266","Ustilaginomycetes",0,"tiantongshan"
"1361","S267","Agaricomycetes",0,"tiantongshan"
"1362","S267","Dothideomycetes",3,"tiantongshan"
"1363","S267","Eurotiomycetes",0,"tiantongshan"
"1364","S267","Exobasidiomycetes",0,"tiantongshan"
"1365","S267","Leotiomycetes",0,"tiantongshan"
"1366","S267","Sordariomycetes",2,"tiantongshan"
"1367","S267","Taphrinomycetes",0,"tiantongshan"
"1368","S267","Ustilaginomycetes",0,"tiantongshan"
"1369","S268","Agaricomycetes",1,"tiantongshan"
"1370","S268","Dothideomycetes",4,"tiantongshan"
"1371","S268","Eurotiomycetes",0,"tiantongshan"
"1372","S268","Exobasidiomycetes",0,"tiantongshan"
"1373","S268","Leotiomycetes",0,"tiantongshan"
"1374","S268","Sordariomycetes",5,"tiantongshan"
"1375","S268","Taphrinomycetes",0,"tiantongshan"
"1376","S268","Ustilaginomycetes",0,"tiantongshan"
"1377","S269","Agaricomycetes",0,"tiantongshan"
"1378","S269","Dothideomycetes",1,"tiantongshan"
"1379","S269","Eurotiomycetes",0,"tiantongshan"
"1380","S269","Exobasidiomycetes",0,"tiantongshan"
"1381","S269","Leotiomycetes",0,"tiantongshan"
"1382","S269","Sordariomycetes",8,"tiantongshan"
"1383","S269","Taphrinomycetes",0,"tiantongshan"
"1384","S269","Ustilaginomycetes",1,"tiantongshan"
"1385","S27","Agaricomycetes",2,"donglingshan"
"1386","S27","Dothideomycetes",4,"donglingshan"
"1387","S27","Eurotiomycetes",0,"donglingshan"
"1388","S27","Exobasidiomycetes",0,"donglingshan"
"1389","S27","Leotiomycetes",2,"donglingshan"
"1390","S27","Sordariomycetes",9,"donglingshan"
"1391","S27","Taphrinomycetes",0,"donglingshan"
"1392","S27","Ustilaginomycetes",0,"donglingshan"
"1393","S270","Agaricomycetes",0,"tiantongshan"
"1394","S270","Dothideomycetes",0,"tiantongshan"
"1395","S270","Eurotiomycetes",0,"tiantongshan"
"1396","S270","Exobasidiomycetes",0,"tiantongshan"
"1397","S270","Leotiomycetes",0,"tiantongshan"
"1398","S270","Sordariomycetes",2,"tiantongshan"
"1399","S270","Taphrinomycetes",0,"tiantongshan"
"1400","S270","Ustilaginomycetes",0,"tiantongshan"
"1401","S271","Agaricomycetes",0,"tiantongshan"
"1402","S271","Dothideomycetes",2,"tiantongshan"
"1403","S271","Eurotiomycetes",0,"tiantongshan"
"1404","S271","Exobasidiomycetes",0,"tiantongshan"
"1405","S271","Leotiomycetes",0,"tiantongshan"
"1406","S271","Sordariomycetes",6,"tiantongshan"
"1407","S271","Taphrinomycetes",0,"tiantongshan"
"1408","S271","Ustilaginomycetes",0,"tiantongshan"
"1409","S272","Agaricomycetes",1,"tiantongshan"
"1410","S272","Dothideomycetes",1,"tiantongshan"
"1411","S272","Eurotiomycetes",0,"tiantongshan"
"1412","S272","Exobasidiomycetes",0,"tiantongshan"
"1413","S272","Leotiomycetes",0,"tiantongshan"
"1414","S272","Sordariomycetes",1,"tiantongshan"
"1415","S272","Taphrinomycetes",0,"tiantongshan"
"1416","S272","Ustilaginomycetes",0,"tiantongshan"
"1417","S273","Agaricomycetes",1,"tiantongshan"
"1418","S273","Dothideomycetes",2,"tiantongshan"
"1419","S273","Eurotiomycetes",0,"tiantongshan"
"1420","S273","Exobasidiomycetes",0,"tiantongshan"
"1421","S273","Leotiomycetes",0,"tiantongshan"
"1422","S273","Sordariomycetes",1,"tiantongshan"
"1423","S273","Taphrinomycetes",0,"tiantongshan"
"1424","S273","Ustilaginomycetes",0,"tiantongshan"
"1425","S274","Agaricomycetes",1,"tiantongshan"
"1426","S274","Dothideomycetes",4,"tiantongshan"
"1427","S274","Eurotiomycetes",1,"tiantongshan"
"1428","S274","Exobasidiomycetes",0,"tiantongshan"
"1429","S274","Leotiomycetes",1,"tiantongshan"
"1430","S274","Sordariomycetes",6,"tiantongshan"
"1431","S274","Taphrinomycetes",0,"tiantongshan"
"1432","S274","Ustilaginomycetes",0,"tiantongshan"
"1433","S276","Agaricomycetes",2,"tiantongshan"
"1434","S276","Dothideomycetes",3,"tiantongshan"
"1435","S276","Eurotiomycetes",0,"tiantongshan"
"1436","S276","Exobasidiomycetes",0,"tiantongshan"
"1437","S276","Leotiomycetes",0,"tiantongshan"
"1438","S276","Sordariomycetes",9,"tiantongshan"
"1439","S276","Taphrinomycetes",0,"tiantongshan"
"1440","S276","Ustilaginomycetes",1,"tiantongshan"
"1441","S277","Agaricomycetes",1,"tiantongshan"
"1442","S277","Dothideomycetes",2,"tiantongshan"
"1443","S277","Eurotiomycetes",0,"tiantongshan"
"1444","S277","Exobasidiomycetes",0,"tiantongshan"
"1445","S277","Leotiomycetes",0,"tiantongshan"
"1446","S277","Sordariomycetes",0,"tiantongshan"
"1447","S277","Taphrinomycetes",0,"tiantongshan"
"1448","S277","Ustilaginomycetes",0,"tiantongshan"
"1449","S278","Agaricomycetes",3,"tiantongshan"
"1450","S278","Dothideomycetes",4,"tiantongshan"
"1451","S278","Eurotiomycetes",0,"tiantongshan"
"1452","S278","Exobasidiomycetes",0,"tiantongshan"
"1453","S278","Leotiomycetes",0,"tiantongshan"
"1454","S278","Sordariomycetes",15,"tiantongshan"
"1455","S278","Taphrinomycetes",0,"tiantongshan"
"1456","S278","Ustilaginomycetes",1,"tiantongshan"
"1457","S279","Agaricomycetes",1,"tiantongshan"
"1458","S279","Dothideomycetes",2,"tiantongshan"
"1459","S279","Eurotiomycetes",0,"tiantongshan"
"1460","S279","Exobasidiomycetes",0,"tiantongshan"
"1461","S279","Leotiomycetes",0,"tiantongshan"
"1462","S279","Sordariomycetes",10,"tiantongshan"
"1463","S279","Taphrinomycetes",0,"tiantongshan"
"1464","S279","Ustilaginomycetes",0,"tiantongshan"
"1465","S28","Agaricomycetes",2,"donglingshan"
"1466","S28","Dothideomycetes",1,"donglingshan"
"1467","S28","Eurotiomycetes",0,"donglingshan"
"1468","S28","Exobasidiomycetes",0,"donglingshan"
"1469","S28","Leotiomycetes",2,"donglingshan"
"1470","S28","Sordariomycetes",4,"donglingshan"
"1471","S28","Taphrinomycetes",0,"donglingshan"
"1472","S28","Ustilaginomycetes",0,"donglingshan"
"1473","S280","Agaricomycetes",0,"tiantongshan"
"1474","S280","Dothideomycetes",0,"tiantongshan"
"1475","S280","Eurotiomycetes",0,"tiantongshan"
"1476","S280","Exobasidiomycetes",0,"tiantongshan"
"1477","S280","Leotiomycetes",0,"tiantongshan"
"1478","S280","Sordariomycetes",2,"tiantongshan"
"1479","S280","Taphrinomycetes",0,"tiantongshan"
"1480","S280","Ustilaginomycetes",0,"tiantongshan"
"1481","S281","Agaricomycetes",3,"tiantongshan"
"1482","S281","Dothideomycetes",4,"tiantongshan"
"1483","S281","Eurotiomycetes",0,"tiantongshan"
"1484","S281","Exobasidiomycetes",0,"tiantongshan"
"1485","S281","Leotiomycetes",0,"tiantongshan"
"1486","S281","Sordariomycetes",2,"tiantongshan"
"1487","S281","Taphrinomycetes",0,"tiantongshan"
"1488","S281","Ustilaginomycetes",0,"tiantongshan"
"1489","S282","Agaricomycetes",2,"tiantongshan"
"1490","S282","Dothideomycetes",2,"tiantongshan"
"1491","S282","Eurotiomycetes",0,"tiantongshan"
"1492","S282","Exobasidiomycetes",1,"tiantongshan"
"1493","S282","Leotiomycetes",1,"tiantongshan"
"1494","S282","Sordariomycetes",13,"tiantongshan"
"1495","S282","Taphrinomycetes",0,"tiantongshan"
"1496","S282","Ustilaginomycetes",1,"tiantongshan"
"1497","S283","Agaricomycetes",2,"tiantongshan"
"1498","S283","Dothideomycetes",4,"tiantongshan"
"1499","S283","Eurotiomycetes",0,"tiantongshan"
"1500","S283","Exobasidiomycetes",0,"tiantongshan"
"1501","S283","Leotiomycetes",0,"tiantongshan"
"1502","S283","Sordariomycetes",4,"tiantongshan"
"1503","S283","Taphrinomycetes",0,"tiantongshan"
"1504","S283","Ustilaginomycetes",0,"tiantongshan"
"1505","S284","Agaricomycetes",1,"tiantongshan"
"1506","S284","Dothideomycetes",2,"tiantongshan"
"1507","S284","Eurotiomycetes",0,"tiantongshan"
"1508","S284","Exobasidiomycetes",0,"tiantongshan"
"1509","S284","Leotiomycetes",0,"tiantongshan"
"1510","S284","Sordariomycetes",6,"tiantongshan"
"1511","S284","Taphrinomycetes",0,"tiantongshan"
"1512","S284","Ustilaginomycetes",0,"tiantongshan"
"1513","S285","Agaricomycetes",2,"tiantongshan"
"1514","S285","Dothideomycetes",3,"tiantongshan"
"1515","S285","Eurotiomycetes",0,"tiantongshan"
"1516","S285","Exobasidiomycetes",0,"tiantongshan"
"1517","S285","Leotiomycetes",0,"tiantongshan"
"1518","S285","Sordariomycetes",2,"tiantongshan"
"1519","S285","Taphrinomycetes",0,"tiantongshan"
"1520","S285","Ustilaginomycetes",0,"tiantongshan"
"1521","S286","Agaricomycetes",2,"tiantongshan"
"1522","S286","Dothideomycetes",3,"tiantongshan"
"1523","S286","Eurotiomycetes",0,"tiantongshan"
"1524","S286","Exobasidiomycetes",0,"tiantongshan"
"1525","S286","Leotiomycetes",0,"tiantongshan"
"1526","S286","Sordariomycetes",3,"tiantongshan"
"1527","S286","Taphrinomycetes",0,"tiantongshan"
"1528","S286","Ustilaginomycetes",0,"tiantongshan"
"1529","S287","Agaricomycetes",1,"qinzhou"
"1530","S287","Dothideomycetes",2,"qinzhou"
"1531","S287","Eurotiomycetes",0,"qinzhou"
"1532","S287","Exobasidiomycetes",0,"qinzhou"
"1533","S287","Leotiomycetes",0,"qinzhou"
"1534","S287","Sordariomycetes",1,"qinzhou"
"1535","S287","Taphrinomycetes",0,"qinzhou"
"1536","S287","Ustilaginomycetes",0,"qinzhou"
"1537","S288","Agaricomycetes",0,"qinzhou"
"1538","S288","Dothideomycetes",3,"qinzhou"
"1539","S288","Eurotiomycetes",0,"qinzhou"
"1540","S288","Exobasidiomycetes",0,"qinzhou"
"1541","S288","Leotiomycetes",0,"qinzhou"
"1542","S288","Sordariomycetes",0,"qinzhou"
"1543","S288","Taphrinomycetes",0,"qinzhou"
"1544","S288","Ustilaginomycetes",0,"qinzhou"
"1545","S289","Agaricomycetes",0,"qinzhou"
"1546","S289","Dothideomycetes",5,"qinzhou"
"1547","S289","Eurotiomycetes",0,"qinzhou"
"1548","S289","Exobasidiomycetes",0,"qinzhou"
"1549","S289","Leotiomycetes",0,"qinzhou"
"1550","S289","Sordariomycetes",2,"qinzhou"
"1551","S289","Taphrinomycetes",0,"qinzhou"
"1552","S289","Ustilaginomycetes",0,"qinzhou"
"1553","S29","Agaricomycetes",2,"donglingshan"
"1554","S29","Dothideomycetes",5,"donglingshan"
"1555","S29","Eurotiomycetes",2,"donglingshan"
"1556","S29","Exobasidiomycetes",0,"donglingshan"
"1557","S29","Leotiomycetes",0,"donglingshan"
"1558","S29","Sordariomycetes",9,"donglingshan"
"1559","S29","Taphrinomycetes",0,"donglingshan"
"1560","S29","Ustilaginomycetes",0,"donglingshan"
"1561","S290","Agaricomycetes",0,"qinzhou"
"1562","S290","Dothideomycetes",1,"qinzhou"
"1563","S290","Eurotiomycetes",0,"qinzhou"
"1564","S290","Exobasidiomycetes",0,"qinzhou"
"1565","S290","Leotiomycetes",0,"qinzhou"
"1566","S290","Sordariomycetes",1,"qinzhou"
"1567","S290","Taphrinomycetes",0,"qinzhou"
"1568","S290","Ustilaginomycetes",0,"qinzhou"
"1569","S3","Agaricomycetes",1,"donglingshan"
"1570","S3","Dothideomycetes",4,"donglingshan"
"1571","S3","Eurotiomycetes",0,"donglingshan"
"1572","S3","Exobasidiomycetes",0,"donglingshan"
"1573","S3","Leotiomycetes",0,"donglingshan"
"1574","S3","Sordariomycetes",8,"donglingshan"
"1575","S3","Taphrinomycetes",0,"donglingshan"
"1576","S3","Ustilaginomycetes",0,"donglingshan"
"1577","S30","Agaricomycetes",3,"donglingshan"
"1578","S30","Dothideomycetes",3,"donglingshan"
"1579","S30","Eurotiomycetes",0,"donglingshan"
"1580","S30","Exobasidiomycetes",0,"donglingshan"
"1581","S30","Leotiomycetes",1,"donglingshan"
"1582","S30","Sordariomycetes",13,"donglingshan"
"1583","S30","Taphrinomycetes",0,"donglingshan"
"1584","S30","Ustilaginomycetes",0,"donglingshan"
"1585","S31","Agaricomycetes",1,"donglingshan"
"1586","S31","Dothideomycetes",1,"donglingshan"
"1587","S31","Eurotiomycetes",0,"donglingshan"
"1588","S31","Exobasidiomycetes",0,"donglingshan"
"1589","S31","Leotiomycetes",0,"donglingshan"
"1590","S31","Sordariomycetes",6,"donglingshan"
"1591","S31","Taphrinomycetes",0,"donglingshan"
"1592","S31","Ustilaginomycetes",0,"donglingshan"
"1593","S32","Agaricomycetes",3,"donglingshan"
"1594","S32","Dothideomycetes",3,"donglingshan"
"1595","S32","Eurotiomycetes",0,"donglingshan"
"1596","S32","Exobasidiomycetes",0,"donglingshan"
"1597","S32","Leotiomycetes",1,"donglingshan"
"1598","S32","Sordariomycetes",8,"donglingshan"
"1599","S32","Taphrinomycetes",0,"donglingshan"
"1600","S32","Ustilaginomycetes",0,"donglingshan"
"1601","S33","Agaricomycetes",4,"donglingshan"
"1602","S33","Dothideomycetes",3,"donglingshan"
"1603","S33","Eurotiomycetes",0,"donglingshan"
"1604","S33","Exobasidiomycetes",0,"donglingshan"
"1605","S33","Leotiomycetes",0,"donglingshan"
"1606","S33","Sordariomycetes",5,"donglingshan"
"1607","S33","Taphrinomycetes",0,"donglingshan"
"1608","S33","Ustilaginomycetes",0,"donglingshan"
"1609","S34","Agaricomycetes",2,"donglingshan"
"1610","S34","Dothideomycetes",4,"donglingshan"
"1611","S34","Eurotiomycetes",1,"donglingshan"
"1612","S34","Exobasidiomycetes",0,"donglingshan"
"1613","S34","Leotiomycetes",1,"donglingshan"
"1614","S34","Sordariomycetes",5,"donglingshan"
"1615","S34","Taphrinomycetes",0,"donglingshan"
"1616","S34","Ustilaginomycetes",0,"donglingshan"
"1617","S4","Agaricomycetes",2,"donglingshan"
"1618","S4","Dothideomycetes",5,"donglingshan"
"1619","S4","Eurotiomycetes",0,"donglingshan"
"1620","S4","Exobasidiomycetes",0,"donglingshan"
"1621","S4","Leotiomycetes",0,"donglingshan"
"1622","S4","Sordariomycetes",8,"donglingshan"
"1623","S4","Taphrinomycetes",0,"donglingshan"
"1624","S4","Ustilaginomycetes",0,"donglingshan"
"1625","S5","Agaricomycetes",0,"donglingshan"
"1626","S5","Dothideomycetes",4,"donglingshan"
"1627","S5","Eurotiomycetes",0,"donglingshan"
"1628","S5","Exobasidiomycetes",0,"donglingshan"
"1629","S5","Leotiomycetes",0,"donglingshan"
"1630","S5","Sordariomycetes",3,"donglingshan"
"1631","S5","Taphrinomycetes",0,"donglingshan"
"1632","S5","Ustilaginomycetes",0,"donglingshan"
"1633","S51","Agaricomycetes",2,"badagongshan"
"1634","S51","Dothideomycetes",2,"badagongshan"
"1635","S51","Eurotiomycetes",0,"badagongshan"
"1636","S51","Exobasidiomycetes",0,"badagongshan"
"1637","S51","Leotiomycetes",3,"badagongshan"
"1638","S51","Sordariomycetes",4,"badagongshan"
"1639","S51","Taphrinomycetes",0,"badagongshan"
"1640","S51","Ustilaginomycetes",0,"badagongshan"
"1641","S52","Agaricomycetes",0,"badagongshan"
"1642","S52","Dothideomycetes",1,"badagongshan"
"1643","S52","Eurotiomycetes",0,"badagongshan"
"1644","S52","Exobasidiomycetes",0,"badagongshan"
"1645","S52","Leotiomycetes",0,"badagongshan"
"1646","S52","Sordariomycetes",3,"badagongshan"
"1647","S52","Taphrinomycetes",0,"badagongshan"
"1648","S52","Ustilaginomycetes",0,"badagongshan"
"1649","S53","Agaricomycetes",0,"badagongshan"
"1650","S53","Dothideomycetes",1,"badagongshan"
"1651","S53","Eurotiomycetes",0,"badagongshan"
"1652","S53","Exobasidiomycetes",0,"badagongshan"
"1653","S53","Leotiomycetes",1,"badagongshan"
"1654","S53","Sordariomycetes",7,"badagongshan"
"1655","S53","Taphrinomycetes",0,"badagongshan"
"1656","S53","Ustilaginomycetes",0,"badagongshan"
"1657","S54","Agaricomycetes",0,"badagongshan"
"1658","S54","Dothideomycetes",0,"badagongshan"
"1659","S54","Eurotiomycetes",0,"badagongshan"
"1660","S54","Exobasidiomycetes",0,"badagongshan"
"1661","S54","Leotiomycetes",0,"badagongshan"
"1662","S54","Sordariomycetes",5,"badagongshan"
"1663","S54","Taphrinomycetes",0,"badagongshan"
"1664","S54","Ustilaginomycetes",0,"badagongshan"
"1665","S55","Agaricomycetes",2,"badagongshan"
"1666","S55","Dothideomycetes",0,"badagongshan"
"1667","S55","Eurotiomycetes",0,"badagongshan"
"1668","S55","Exobasidiomycetes",0,"badagongshan"
"1669","S55","Leotiomycetes",0,"badagongshan"
"1670","S55","Sordariomycetes",1,"badagongshan"
"1671","S55","Taphrinomycetes",0,"badagongshan"
"1672","S55","Ustilaginomycetes",0,"badagongshan"
"1673","S56","Agaricomycetes",2,"badagongshan"
"1674","S56","Dothideomycetes",0,"badagongshan"
"1675","S56","Eurotiomycetes",0,"badagongshan"
"1676","S56","Exobasidiomycetes",0,"badagongshan"
"1677","S56","Leotiomycetes",1,"badagongshan"
"1678","S56","Sordariomycetes",0,"badagongshan"
"1679","S56","Taphrinomycetes",0,"badagongshan"
"1680","S56","Ustilaginomycetes",0,"badagongshan"
"1681","S57","Agaricomycetes",0,"badagongshan"
"1682","S57","Dothideomycetes",0,"badagongshan"
"1683","S57","Eurotiomycetes",0,"badagongshan"
"1684","S57","Exobasidiomycetes",0,"badagongshan"
"1685","S57","Leotiomycetes",0,"badagongshan"
"1686","S57","Sordariomycetes",7,"badagongshan"
"1687","S57","Taphrinomycetes",0,"badagongshan"
"1688","S57","Ustilaginomycetes",0,"badagongshan"
"1689","S58","Agaricomycetes",0,"badagongshan"
"1690","S58","Dothideomycetes",3,"badagongshan"
"1691","S58","Eurotiomycetes",0,"badagongshan"
"1692","S58","Exobasidiomycetes",0,"badagongshan"
"1693","S58","Leotiomycetes",1,"badagongshan"
"1694","S58","Sordariomycetes",5,"badagongshan"
"1695","S58","Taphrinomycetes",0,"badagongshan"
"1696","S58","Ustilaginomycetes",0,"badagongshan"
"1697","S59","Agaricomycetes",0,"badagongshan"
"1698","S59","Dothideomycetes",1,"badagongshan"
"1699","S59","Eurotiomycetes",0,"badagongshan"
"1700","S59","Exobasidiomycetes",0,"badagongshan"
"1701","S59","Leotiomycetes",1,"badagongshan"
"1702","S59","Sordariomycetes",9,"badagongshan"
"1703","S59","Taphrinomycetes",0,"badagongshan"
"1704","S59","Ustilaginomycetes",0,"badagongshan"
"1705","S6","Agaricomycetes",0,"donglingshan"
"1706","S6","Dothideomycetes",2,"donglingshan"
"1707","S6","Eurotiomycetes",0,"donglingshan"
"1708","S6","Exobasidiomycetes",0,"donglingshan"
"1709","S6","Leotiomycetes",0,"donglingshan"
"1710","S6","Sordariomycetes",5,"donglingshan"
"1711","S6","Taphrinomycetes",0,"donglingshan"
"1712","S6","Ustilaginomycetes",0,"donglingshan"
"1713","S60","Agaricomycetes",2,"badagongshan"
"1714","S60","Dothideomycetes",3,"badagongshan"
"1715","S60","Eurotiomycetes",0,"badagongshan"
"1716","S60","Exobasidiomycetes",0,"badagongshan"
"1717","S60","Leotiomycetes",1,"badagongshan"
"1718","S60","Sordariomycetes",7,"badagongshan"
"1719","S60","Taphrinomycetes",0,"badagongshan"
"1720","S60","Ustilaginomycetes",0,"badagongshan"
"1721","S61","Agaricomycetes",0,"badagongshan"
"1722","S61","Dothideomycetes",1,"badagongshan"
"1723","S61","Eurotiomycetes",0,"badagongshan"
"1724","S61","Exobasidiomycetes",0,"badagongshan"
"1725","S61","Leotiomycetes",1,"badagongshan"
"1726","S61","Sordariomycetes",7,"badagongshan"
"1727","S61","Taphrinomycetes",0,"badagongshan"
"1728","S61","Ustilaginomycetes",0,"badagongshan"
"1729","S62","Agaricomycetes",2,"badagongshan"
"1730","S62","Dothideomycetes",1,"badagongshan"
"1731","S62","Eurotiomycetes",0,"badagongshan"
"1732","S62","Exobasidiomycetes",0,"badagongshan"
"1733","S62","Leotiomycetes",0,"badagongshan"
"1734","S62","Sordariomycetes",2,"badagongshan"
"1735","S62","Taphrinomycetes",0,"badagongshan"
"1736","S62","Ustilaginomycetes",0,"badagongshan"
"1737","S63","Agaricomycetes",0,"badagongshan"
"1738","S63","Dothideomycetes",1,"badagongshan"
"1739","S63","Eurotiomycetes",0,"badagongshan"
"1740","S63","Exobasidiomycetes",0,"badagongshan"
"1741","S63","Leotiomycetes",2,"badagongshan"
"1742","S63","Sordariomycetes",9,"badagongshan"
"1743","S63","Taphrinomycetes",0,"badagongshan"
"1744","S63","Ustilaginomycetes",0,"badagongshan"
"1745","S64","Agaricomycetes",0,"badagongshan"
"1746","S64","Dothideomycetes",0,"badagongshan"
"1747","S64","Eurotiomycetes",0,"badagongshan"
"1748","S64","Exobasidiomycetes",0,"badagongshan"
"1749","S64","Leotiomycetes",1,"badagongshan"
"1750","S64","Sordariomycetes",8,"badagongshan"
"1751","S64","Taphrinomycetes",0,"badagongshan"
"1752","S64","Ustilaginomycetes",0,"badagongshan"
"1753","S65","Agaricomycetes",1,"badagongshan"
"1754","S65","Dothideomycetes",0,"badagongshan"
"1755","S65","Eurotiomycetes",0,"badagongshan"
"1756","S65","Exobasidiomycetes",0,"badagongshan"
"1757","S65","Leotiomycetes",2,"badagongshan"
"1758","S65","Sordariomycetes",12,"badagongshan"
"1759","S65","Taphrinomycetes",0,"badagongshan"
"1760","S65","Ustilaginomycetes",0,"badagongshan"
"1761","S66","Agaricomycetes",1,"badagongshan"
"1762","S66","Dothideomycetes",1,"badagongshan"
"1763","S66","Eurotiomycetes",0,"badagongshan"
"1764","S66","Exobasidiomycetes",0,"badagongshan"
"1765","S66","Leotiomycetes",0,"badagongshan"
"1766","S66","Sordariomycetes",6,"badagongshan"
"1767","S66","Taphrinomycetes",0,"badagongshan"
"1768","S66","Ustilaginomycetes",0,"badagongshan"
"1769","S67","Agaricomycetes",1,"badagongshan"
"1770","S67","Dothideomycetes",2,"badagongshan"
"1771","S67","Eurotiomycetes",0,"badagongshan"
"1772","S67","Exobasidiomycetes",0,"badagongshan"
"1773","S67","Leotiomycetes",1,"badagongshan"
"1774","S67","Sordariomycetes",2,"badagongshan"
"1775","S67","Taphrinomycetes",0,"badagongshan"
"1776","S67","Ustilaginomycetes",0,"badagongshan"
"1777","S68","Agaricomycetes",0,"badagongshan"
"1778","S68","Dothideomycetes",1,"badagongshan"
"1779","S68","Eurotiomycetes",0,"badagongshan"
"1780","S68","Exobasidiomycetes",0,"badagongshan"
"1781","S68","Leotiomycetes",0,"badagongshan"
"1782","S68","Sordariomycetes",6,"badagongshan"
"1783","S68","Taphrinomycetes",0,"badagongshan"
"1784","S68","Ustilaginomycetes",0,"badagongshan"
"1785","S69","Agaricomycetes",0,"badagongshan"
"1786","S69","Dothideomycetes",1,"badagongshan"
"1787","S69","Eurotiomycetes",0,"badagongshan"
"1788","S69","Exobasidiomycetes",0,"badagongshan"
"1789","S69","Leotiomycetes",0,"badagongshan"
"1790","S69","Sordariomycetes",3,"badagongshan"
"1791","S69","Taphrinomycetes",0,"badagongshan"
"1792","S69","Ustilaginomycetes",0,"badagongshan"
"1793","S7","Agaricomycetes",1,"donglingshan"
"1794","S7","Dothideomycetes",0,"donglingshan"
"1795","S7","Eurotiomycetes",0,"donglingshan"
"1796","S7","Exobasidiomycetes",0,"donglingshan"
"1797","S7","Leotiomycetes",0,"donglingshan"
"1798","S7","Sordariomycetes",4,"donglingshan"
"1799","S7","Taphrinomycetes",0,"donglingshan"
"1800","S7","Ustilaginomycetes",0,"donglingshan"
"1801","S70","Agaricomycetes",0,"badagongshan"
"1802","S70","Dothideomycetes",0,"badagongshan"
"1803","S70","Eurotiomycetes",0,"badagongshan"
"1804","S70","Exobasidiomycetes",0,"badagongshan"
"1805","S70","Leotiomycetes",0,"badagongshan"
"1806","S70","Sordariomycetes",2,"badagongshan"
"1807","S70","Taphrinomycetes",0,"badagongshan"
"1808","S70","Ustilaginomycetes",0,"badagongshan"
"1809","S71","Agaricomycetes",0,"badagongshan"
"1810","S71","Dothideomycetes",1,"badagongshan"
"1811","S71","Eurotiomycetes",0,"badagongshan"
"1812","S71","Exobasidiomycetes",0,"badagongshan"
"1813","S71","Leotiomycetes",0,"badagongshan"
"1814","S71","Sordariomycetes",2,"badagongshan"
"1815","S71","Taphrinomycetes",0,"badagongshan"
"1816","S71","Ustilaginomycetes",0,"badagongshan"
"1817","S72","Agaricomycetes",0,"badagongshan"
"1818","S72","Dothideomycetes",1,"badagongshan"
"1819","S72","Eurotiomycetes",0,"badagongshan"
"1820","S72","Exobasidiomycetes",0,"badagongshan"
"1821","S72","Leotiomycetes",0,"badagongshan"
"1822","S72","Sordariomycetes",2,"badagongshan"
"1823","S72","Taphrinomycetes",0,"badagongshan"
"1824","S72","Ustilaginomycetes",0,"badagongshan"
"1825","S73","Agaricomycetes",0,"badagongshan"
"1826","S73","Dothideomycetes",1,"badagongshan"
"1827","S73","Eurotiomycetes",0,"badagongshan"
"1828","S73","Exobasidiomycetes",0,"badagongshan"
"1829","S73","Leotiomycetes",0,"badagongshan"
"1830","S73","Sordariomycetes",1,"badagongshan"
"1831","S73","Taphrinomycetes",0,"badagongshan"
"1832","S73","Ustilaginomycetes",0,"badagongshan"
"1833","S74","Agaricomycetes",0,"badagongshan"
"1834","S74","Dothideomycetes",1,"badagongshan"
"1835","S74","Eurotiomycetes",0,"badagongshan"
"1836","S74","Exobasidiomycetes",0,"badagongshan"
"1837","S74","Leotiomycetes",0,"badagongshan"
"1838","S74","Sordariomycetes",7,"badagongshan"
"1839","S74","Taphrinomycetes",0,"badagongshan"
"1840","S74","Ustilaginomycetes",0,"badagongshan"
"1841","S75","Agaricomycetes",0,"badagongshan"
"1842","S75","Dothideomycetes",0,"badagongshan"
"1843","S75","Eurotiomycetes",0,"badagongshan"
"1844","S75","Exobasidiomycetes",0,"badagongshan"
"1845","S75","Leotiomycetes",0,"badagongshan"
"1846","S75","Sordariomycetes",2,"badagongshan"
"1847","S75","Taphrinomycetes",0,"badagongshan"
"1848","S75","Ustilaginomycetes",0,"badagongshan"
"1849","S76","Agaricomycetes",0,"badagongshan"
"1850","S76","Dothideomycetes",0,"badagongshan"
"1851","S76","Eurotiomycetes",0,"badagongshan"
"1852","S76","Exobasidiomycetes",0,"badagongshan"
"1853","S76","Leotiomycetes",0,"badagongshan"
"1854","S76","Sordariomycetes",1,"badagongshan"
"1855","S76","Taphrinomycetes",0,"badagongshan"
"1856","S76","Ustilaginomycetes",0,"badagongshan"
"1857","S77","Agaricomycetes",0,"badagongshan"
"1858","S77","Dothideomycetes",1,"badagongshan"
"1859","S77","Eurotiomycetes",0,"badagongshan"
"1860","S77","Exobasidiomycetes",0,"badagongshan"
"1861","S77","Leotiomycetes",0,"badagongshan"
"1862","S77","Sordariomycetes",8,"badagongshan"
"1863","S77","Taphrinomycetes",0,"badagongshan"
"1864","S77","Ustilaginomycetes",0,"badagongshan"
"1865","S78","Agaricomycetes",0,"badagongshan"
"1866","S78","Dothideomycetes",0,"badagongshan"
"1867","S78","Eurotiomycetes",0,"badagongshan"
"1868","S78","Exobasidiomycetes",0,"badagongshan"
"1869","S78","Leotiomycetes",0,"badagongshan"
"1870","S78","Sordariomycetes",0,"badagongshan"
"1871","S78","Taphrinomycetes",0,"badagongshan"
"1872","S78","Ustilaginomycetes",0,"badagongshan"
"1873","S79","Agaricomycetes",0,"badagongshan"
"1874","S79","Dothideomycetes",1,"badagongshan"
"1875","S79","Eurotiomycetes",0,"badagongshan"
"1876","S79","Exobasidiomycetes",0,"badagongshan"
"1877","S79","Leotiomycetes",0,"badagongshan"
"1878","S79","Sordariomycetes",5,"badagongshan"
"1879","S79","Taphrinomycetes",0,"badagongshan"
"1880","S79","Ustilaginomycetes",0,"badagongshan"
"1881","S8","Agaricomycetes",0,"donglingshan"
"1882","S8","Dothideomycetes",2,"donglingshan"
"1883","S8","Eurotiomycetes",0,"donglingshan"
"1884","S8","Exobasidiomycetes",0,"donglingshan"
"1885","S8","Leotiomycetes",0,"donglingshan"
"1886","S8","Sordariomycetes",3,"donglingshan"
"1887","S8","Taphrinomycetes",0,"donglingshan"
"1888","S8","Ustilaginomycetes",0,"donglingshan"
"1889","S80","Agaricomycetes",0,"badagongshan"
"1890","S80","Dothideomycetes",1,"badagongshan"
"1891","S80","Eurotiomycetes",0,"badagongshan"
"1892","S80","Exobasidiomycetes",0,"badagongshan"
"1893","S80","Leotiomycetes",1,"badagongshan"
"1894","S80","Sordariomycetes",3,"badagongshan"
"1895","S80","Taphrinomycetes",0,"badagongshan"
"1896","S80","Ustilaginomycetes",0,"badagongshan"
"1897","S81","Agaricomycetes",0,"badagongshan"
"1898","S81","Dothideomycetes",0,"badagongshan"
"1899","S81","Eurotiomycetes",0,"badagongshan"
"1900","S81","Exobasidiomycetes",0,"badagongshan"
"1901","S81","Leotiomycetes",0,"badagongshan"
"1902","S81","Sordariomycetes",2,"badagongshan"
"1903","S81","Taphrinomycetes",0,"badagongshan"
"1904","S81","Ustilaginomycetes",0,"badagongshan"
"1905","S82","Agaricomycetes",0,"badagongshan"
"1906","S82","Dothideomycetes",0,"badagongshan"
"1907","S82","Eurotiomycetes",0,"badagongshan"
"1908","S82","Exobasidiomycetes",0,"badagongshan"
"1909","S82","Leotiomycetes",0,"badagongshan"
"1910","S82","Sordariomycetes",0,"badagongshan"
"1911","S82","Taphrinomycetes",0,"badagongshan"
"1912","S82","Ustilaginomycetes",0,"badagongshan"
"1913","S83","Agaricomycetes",0,"badagongshan"
"1914","S83","Dothideomycetes",0,"badagongshan"
"1915","S83","Eurotiomycetes",0,"badagongshan"
"1916","S83","Exobasidiomycetes",0,"badagongshan"
"1917","S83","Leotiomycetes",0,"badagongshan"
"1918","S83","Sordariomycetes",4,"badagongshan"
"1919","S83","Taphrinomycetes",0,"badagongshan"
"1920","S83","Ustilaginomycetes",0,"badagongshan"
"1921","S84","Agaricomycetes",0,"badagongshan"
"1922","S84","Dothideomycetes",1,"badagongshan"
"1923","S84","Eurotiomycetes",0,"badagongshan"
"1924","S84","Exobasidiomycetes",0,"badagongshan"
"1925","S84","Leotiomycetes",0,"badagongshan"
"1926","S84","Sordariomycetes",14,"badagongshan"
"1927","S84","Taphrinomycetes",0,"badagongshan"
"1928","S84","Ustilaginomycetes",0,"badagongshan"
"1929","S85","Agaricomycetes",0,"badagongshan"
"1930","S85","Dothideomycetes",1,"badagongshan"
"1931","S85","Eurotiomycetes",0,"badagongshan"
"1932","S85","Exobasidiomycetes",0,"badagongshan"
"1933","S85","Leotiomycetes",0,"badagongshan"
"1934","S85","Sordariomycetes",6,"badagongshan"
"1935","S85","Taphrinomycetes",0,"badagongshan"
"1936","S85","Ustilaginomycetes",0,"badagongshan"
"1937","S86","Agaricomycetes",0,"badagongshan"
"1938","S86","Dothideomycetes",2,"badagongshan"
"1939","S86","Eurotiomycetes",0,"badagongshan"
"1940","S86","Exobasidiomycetes",0,"badagongshan"
"1941","S86","Leotiomycetes",0,"badagongshan"
"1942","S86","Sordariomycetes",9,"badagongshan"
"1943","S86","Taphrinomycetes",0,"badagongshan"
"1944","S86","Ustilaginomycetes",0,"badagongshan"
"1945","S87","Agaricomycetes",1,"badagongshan"
"1946","S87","Dothideomycetes",1,"badagongshan"
"1947","S87","Eurotiomycetes",0,"badagongshan"
"1948","S87","Exobasidiomycetes",0,"badagongshan"
"1949","S87","Leotiomycetes",0,"badagongshan"
"1950","S87","Sordariomycetes",5,"badagongshan"
"1951","S87","Taphrinomycetes",0,"badagongshan"
"1952","S87","Ustilaginomycetes",0,"badagongshan"
"1953","S88","Agaricomycetes",0,"badagongshan"
"1954","S88","Dothideomycetes",0,"badagongshan"
"1955","S88","Eurotiomycetes",0,"badagongshan"
"1956","S88","Exobasidiomycetes",0,"badagongshan"
"1957","S88","Leotiomycetes",0,"badagongshan"
"1958","S88","Sordariomycetes",1,"badagongshan"
"1959","S88","Taphrinomycetes",0,"badagongshan"
"1960","S88","Ustilaginomycetes",0,"badagongshan"
"1961","S89","Agaricomycetes",0,"badagongshan"
"1962","S89","Dothideomycetes",0,"badagongshan"
"1963","S89","Eurotiomycetes",0,"badagongshan"
"1964","S89","Exobasidiomycetes",0,"badagongshan"
"1965","S89","Leotiomycetes",0,"badagongshan"
"1966","S89","Sordariomycetes",1,"badagongshan"
"1967","S89","Taphrinomycetes",0,"badagongshan"
"1968","S89","Ustilaginomycetes",0,"badagongshan"
"1969","S9","Agaricomycetes",0,"donglingshan"
"1970","S9","Dothideomycetes",7,"donglingshan"
"1971","S9","Eurotiomycetes",1,"donglingshan"
"1972","S9","Exobasidiomycetes",0,"donglingshan"
"1973","S9","Leotiomycetes",0,"donglingshan"
"1974","S9","Sordariomycetes",7,"donglingshan"
"1975","S9","Taphrinomycetes",0,"donglingshan"
"1976","S9","Ustilaginomycetes",1,"donglingshan"
"1977","S90","Agaricomycetes",0,"badagongshan"
"1978","S90","Dothideomycetes",0,"badagongshan"
"1979","S90","Eurotiomycetes",0,"badagongshan"
"1980","S90","Exobasidiomycetes",0,"badagongshan"
"1981","S90","Leotiomycetes",0,"badagongshan"
"1982","S90","Sordariomycetes",0,"badagongshan"
"1983","S90","Taphrinomycetes",0,"badagongshan"
"1984","S90","Ustilaginomycetes",0,"badagongshan"
"1985","S91","Agaricomycetes",0,"badagongshan"
"1986","S91","Dothideomycetes",0,"badagongshan"
"1987","S91","Eurotiomycetes",0,"badagongshan"
"1988","S91","Exobasidiomycetes",0,"badagongshan"
"1989","S91","Leotiomycetes",0,"badagongshan"
"1990","S91","Sordariomycetes",3,"badagongshan"
"1991","S91","Taphrinomycetes",0,"badagongshan"
"1992","S91","Ustilaginomycetes",0,"badagongshan"
"1993","S92","Agaricomycetes",0,"badagongshan"
"1994","S92","Dothideomycetes",2,"badagongshan"
"1995","S92","Eurotiomycetes",0,"badagongshan"
"1996","S92","Exobasidiomycetes",0,"badagongshan"
"1997","S92","Leotiomycetes",0,"badagongshan"
"1998","S92","Sordariomycetes",4,"badagongshan"
"1999","S92","Taphrinomycetes",0,"badagongshan"
"2000","S92","Ustilaginomycetes",0,"badagongshan"
"2001","S93","Agaricomycetes",0,"badagongshan"
"2002","S93","Dothideomycetes",0,"badagongshan"
"2003","S93","Eurotiomycetes",0,"badagongshan"
"2004","S93","Exobasidiomycetes",0,"badagongshan"
"2005","S93","Leotiomycetes",0,"badagongshan"
"2006","S93","Sordariomycetes",3,"badagongshan"
"2007","S93","Taphrinomycetes",0,"badagongshan"
"2008","S93","Ustilaginomycetes",0,"badagongshan"
"2009","S94","Agaricomycetes",0,"badagongshan"
"2010","S94","Dothideomycetes",2,"badagongshan"
"2011","S94","Eurotiomycetes",0,"badagongshan"
"2012","S94","Exobasidiomycetes",0,"badagongshan"
"2013","S94","Leotiomycetes",1,"badagongshan"
"2014","S94","Sordariomycetes",3,"badagongshan"
"2015","S94","Taphrinomycetes",0,"badagongshan"
"2016","S94","Ustilaginomycetes",0,"badagongshan"
"2017","S95","Agaricomycetes",0,"badagongshan"
"2018","S95","Dothideomycetes",3,"badagongshan"
"2019","S95","Eurotiomycetes",0,"badagongshan"
"2020","S95","Exobasidiomycetes",0,"badagongshan"
"2021","S95","Leotiomycetes",0,"badagongshan"
"2022","S95","Sordariomycetes",1,"badagongshan"
"2023","S95","Taphrinomycetes",0,"badagongshan"
"2024","S95","Ustilaginomycetes",0,"badagongshan"
"2025","S96","Agaricomycetes",0,"badagongshan"
"2026","S96","Dothideomycetes",0,"badagongshan"
"2027","S96","Eurotiomycetes",0,"badagongshan"
"2028","S96","Exobasidiomycetes",0,"badagongshan"
"2029","S96","Leotiomycetes",0,"badagongshan"
"2030","S96","Sordariomycetes",1,"badagongshan"
"2031","S96","Taphrinomycetes",0,"badagongshan"
"2032","S96","Ustilaginomycetes",0,"badagongshan"
"2033","S97","Agaricomycetes",0,"badagongshan"
"2034","S97","Dothideomycetes",0,"badagongshan"
"2035","S97","Eurotiomycetes",0,"badagongshan"
"2036","S97","Exobasidiomycetes",0,"badagongshan"
"2037","S97","Leotiomycetes",0,"badagongshan"
"2038","S97","Sordariomycetes",4,"badagongshan"
"2039","S97","Taphrinomycetes",0,"badagongshan"
"2040","S97","Ustilaginomycetes",0,"badagongshan"
"2041","S98","Agaricomycetes",0,"badagongshan"
"2042","S98","Dothideomycetes",0,"badagongshan"
"2043","S98","Eurotiomycetes",0,"badagongshan"
"2044","S98","Exobasidiomycetes",0,"badagongshan"
"2045","S98","Leotiomycetes",1,"badagongshan"
"2046","S98","Sordariomycetes",2,"badagongshan"
"2047","S98","Taphrinomycetes",0,"badagongshan"
"2048","S98","Ustilaginomycetes",0,"badagongshan"
"2049","S99","Agaricomycetes",0,"badagongshan"
"2050","S99","Dothideomycetes",0,"badagongshan"
"2051","S99","Eurotiomycetes",0,"badagongshan"
"2052","S99","Exobasidiomycetes",0,"badagongshan"
"2053","S99","Leotiomycetes",0,"badagongshan"
"2054","S99","Sordariomycetes",2,"badagongshan"
"2055","S99","Taphrinomycetes",0,"badagongshan"
"2056","S99","Ustilaginomycetes",0,"badagongshan"
