"","Samples","Richness","Lower","Upper","Compartment"
"1",1,27.35,11.2277555012719,43.4722444987281,"Phyllosphere"
"2",2,52,31.6465573854783,72.3534426145217,"Phyllosphere"
"3",3,69.42,45.9975813168303,92.8424186831697,"Phyllosphere"
"4",4,86.62,61.3786278366871,111.861372163313,"Phyllosphere"
"5",5,103.41,77.7179248157583,129.102075184242,"Phyllosphere"
"6",6,119.94,93.1581201012869,146.721879898713,"Phyllosphere"
"7",7,135.51,109.220433378785,161.799566621215,"Phyllosphere"
"8",8,149.95,123.806891515887,176.093108484113,"Phyllosphere"
"9",9,163.09,136.453238359232,189.726761640768,"Phyllosphere"
"10",10,175.85,148.392640956265,203.307359043735,"Phyllosphere"
"11",11,188.98,160.470572177831,217.489427822169,"Phyllosphere"
"12",12,201.02,172.357569023285,229.682430976715,"Phyllosphere"
"13",13,212.79,183.646573761322,241.933426238678,"Phyllosphere"
"14",14,223.69,195.029784023878,252.350215976122,"Phyllosphere"
"15",15,234.48,205.372924946298,263.587075053702,"Phyllosphere"
"16",16,245.67,216.912899866628,274.427100133372,"Phyllosphere"
"17",17,255.64,226.284113353399,284.995886646601,"Phyllosphere"
"18",18,264.53,235.176544436211,293.883455563789,"Phyllosphere"
"19",19,274.79,244.80471909908,304.77528090092,"Phyllosphere"
"20",20,284.87,255.495835924209,314.244164075791,"Phyllosphere"
"21",21,295.51,267.011729628951,324.008270371049,"Phyllosphere"
"22",22,304.82,275.454184651008,334.185815348992,"Phyllosphere"
"23",23,311.49,281.364506584367,341.615493415633,"Phyllosphere"
"24",24,320.58,289.770654703877,351.389345296123,"Phyllosphere"
"25",25,329.48,297.732740514361,361.227259485639,"Phyllosphere"
"26",26,338.58,307.958102507183,369.201897492817,"Phyllosphere"
"27",27,346.45,316.718414577807,376.181585422193,"Phyllosphere"
"28",28,354.74,325.196462533058,384.283537466942,"Phyllosphere"
"29",29,361.98,332.696992206152,391.263007793848,"Phyllosphere"
"30",30,369.64,342.604848919612,396.675151080388,"Phyllosphere"
"31",31,376.74,349.77889071011,403.70110928989,"Phyllosphere"
"32",32,383.25,355.855989373919,410.644010626081,"Phyllosphere"
"33",33,390.35,363.60376454319,417.09623545681,"Phyllosphere"
"34",34,397.71,371.166612609891,424.253387390109,"Phyllosphere"
"35",35,404.84,377.265776932472,432.414223067528,"Phyllosphere"
"36",36,411.04,383.458012025852,438.621987974148,"Phyllosphere"
"37",37,417.34,389.937567017994,444.742432982006,"Phyllosphere"
"38",38,423.72,396.642080261332,450.797919738668,"Phyllosphere"
"39",39,429.97,403.102778786083,456.837221213917,"Phyllosphere"
"40",40,435.68,409.326582266002,462.033417733998,"Phyllosphere"
"41",41,441.46,414.753809592894,468.166190407106,"Phyllosphere"
"42",42,447.39,420.783668635325,473.996331364675,"Phyllosphere"
"43",43,453.24,427.252388343752,479.227611656248,"Phyllosphere"
"44",44,459.02,433.675512822252,484.364487177748,"Phyllosphere"
"45",45,464.74,439.309715024416,490.170284975584,"Phyllosphere"
"46",46,469.96,444.355028891746,495.564971108254,"Phyllosphere"
"47",47,475.39,449.159516153371,501.620483846629,"Phyllosphere"
"48",48,481.59,455.189397389798,507.990602610202,"Phyllosphere"
"49",49,487.12,460.652837192651,513.587162807349,"Phyllosphere"
"50",50,492.71,466.623006840166,518.796993159834,"Phyllosphere"
"51",51,498.13,472.236022306179,524.023977693821,"Phyllosphere"
"52",52,503.68,477.452987939604,529.907012060396,"Phyllosphere"
"53",53,508.2,481.574653224623,534.825346775377,"Phyllosphere"
"54",54,512.7,486.591639947203,538.808360052797,"Phyllosphere"
"55",55,517.34,491.039014881913,543.640985118087,"Phyllosphere"
"56",56,521.53,495.166781438351,547.893218561649,"Phyllosphere"
"57",57,525.72,499.442506461486,551.997493538514,"Phyllosphere"
"58",58,530.46,504.375669009301,556.544330990699,"Phyllosphere"
"59",59,534.88,508.701405922418,561.058594077582,"Phyllosphere"
"60",60,538.99,513.294229409052,564.685770590948,"Phyllosphere"
"61",61,543.08,517.112779015525,569.047220984475,"Phyllosphere"
"62",62,547.56,521.655232683983,573.464767316017,"Phyllosphere"
"63",63,551.85,525.860345881253,577.839654118747,"Phyllosphere"
"64",64,556.3,530.660108416687,581.939891583313,"Phyllosphere"
"65",65,560.72,536.122192756018,585.317807243983,"Phyllosphere"
"66",66,565.63,541.331080790548,589.928919209452,"Phyllosphere"
"67",67,569.12,545.251555847466,592.988444152534,"Phyllosphere"
"68",68,573.47,549.982003925495,596.957996074505,"Phyllosphere"
"69",69,577.53,554.741355388432,600.318644611567,"Phyllosphere"
"70",70,581.58,558.61354224487,604.54645775513,"Phyllosphere"
"71",71,585.61,562.93402374781,608.28597625219,"Phyllosphere"
"72",72,588.91,565.866301941702,611.953698058298,"Phyllosphere"
"73",73,592.54,570.082668965976,614.997331034024,"Phyllosphere"
"74",74,596.1,573.925531106539,618.274468893461,"Phyllosphere"
"75",75,599.54,577.263310185512,621.816689814488,"Phyllosphere"
"76",76,603.33,580.503887450084,626.156112549916,"Phyllosphere"
"77",77,607.01,584.206715193205,629.813284806795,"Phyllosphere"
"78",78,610.41,587.329072983972,633.490927016028,"Phyllosphere"
"79",79,613.78,590.921374326597,636.638625673403,"Phyllosphere"
"80",80,617.16,594.743501746718,639.576498253282,"Phyllosphere"
"81",81,620.65,598.643400897903,642.656599102097,"Phyllosphere"
"82",82,624.43,602.818996910244,646.041003089756,"Phyllosphere"
"83",83,627.5,606.229495929002,648.770504070998,"Phyllosphere"
"84",84,631.3,610.877443644813,651.722556355187,"Phyllosphere"
"85",85,633.99,613.61944539416,654.36055460584,"Phyllosphere"
"86",86,636.86,616.537340108871,657.182659891129,"Phyllosphere"
"87",87,640.17,619.424278766576,660.915721233424,"Phyllosphere"
"88",88,643.29,622.330541779691,664.249458220309,"Phyllosphere"
"89",89,646.2,625.56561661261,666.83438338739,"Phyllosphere"
"90",90,649.17,628.629301301311,669.710698698688,"Phyllosphere"
"91",91,651.87,631.415243323201,672.324756676799,"Phyllosphere"
"92",92,655.03,634.807273011073,675.252726988927,"Phyllosphere"
"93",93,657.39,637.177545093845,677.602454906155,"Phyllosphere"
"94",94,660.23,640.237650453135,680.222349546865,"Phyllosphere"
"95",95,662.84,643.103493293653,682.576506706347,"Phyllosphere"
"96",96,665.64,646.260473158354,685.019526841646,"Phyllosphere"
"97",97,667.57,648.144277700207,686.995722299793,"Phyllosphere"
"98",98,670.22,650.495339743807,689.944660256193,"Phyllosphere"
"99",99,673.01,653.717726464156,692.302273535844,"Phyllosphere"
"100",100,675.97,657.086275512891,694.853724487109,"Phyllosphere"
"101",101,678.37,659.288222241514,697.451777758486,"Phyllosphere"
"102",102,680.98,662.307933681404,699.652066318596,"Phyllosphere"
"103",103,683.31,664.565198700504,702.054801299496,"Phyllosphere"
"104",104,686.17,667.855102933801,704.484897066199,"Phyllosphere"
"105",105,689.22,671.260123282239,707.179876717761,"Phyllosphere"
"106",106,691.72,674.024437581898,709.415562418102,"Phyllosphere"
"107",107,694.3,677.232398226375,711.367601773624,"Phyllosphere"
"108",108,696.16,679.349277111308,712.970722888692,"Phyllosphere"
"109",109,698.43,681.505178111437,715.354821888563,"Phyllosphere"
"110",110,701.25,685.306048295369,717.193951704631,"Phyllosphere"
"111",111,703.46,687.472365889712,719.447634110288,"Phyllosphere"
"112",112,705.75,689.640917926445,721.859082073555,"Phyllosphere"
"113",113,708.3,691.926518113397,724.673481886603,"Phyllosphere"
"114",114,710.58,694.727026535165,726.432973464835,"Phyllosphere"
"115",115,712.94,697.43319471648,728.44680528352,"Phyllosphere"
"116",116,715.31,700.036271978434,730.583728021566,"Phyllosphere"
"117",117,717.56,702.928968911691,732.191031088309,"Phyllosphere"
"118",118,719.39,704.873624711549,733.906375288451,"Phyllosphere"
"119",119,721.32,706.793896710829,735.846103289171,"Phyllosphere"
"120",120,723.34,709.23632901144,737.44367098856,"Phyllosphere"
"121",121,725.64,711.7257459903,739.5542540097,"Phyllosphere"
"122",122,727.84,714.469053054394,741.210946945606,"Phyllosphere"
"123",123,729.93,716.472055780088,743.387944219912,"Phyllosphere"
"124",124,732.18,718.894951063224,745.465048936776,"Phyllosphere"
"125",125,734.12,720.719954771673,747.520045228327,"Phyllosphere"
"126",126,735.93,722.252432285459,749.607567714541,"Phyllosphere"
"127",127,737.69,724.304726168077,751.075273831923,"Phyllosphere"
"128",128,739.51,726.1278960148,752.8921039852,"Phyllosphere"
"129",129,741.66,728.437567271008,754.882432728992,"Phyllosphere"
"130",130,743.5,730.418669329108,756.581330670892,"Phyllosphere"
"131",131,745.19,732.364287977313,758.015712022687,"Phyllosphere"
"132",132,746.69,733.904516596601,759.475483403399,"Phyllosphere"
"133",133,748.61,736.078911387346,761.141088612654,"Phyllosphere"
"134",134,750.79,738.375203516885,763.204796483115,"Phyllosphere"
"135",135,752.53,740.218016021171,764.841983978829,"Phyllosphere"
"136",136,754.29,741.803000700122,766.776999299878,"Phyllosphere"
"137",137,755.95,743.690701323469,768.209298676531,"Phyllosphere"
"138",138,757.78,745.82589584868,769.73410415132,"Phyllosphere"
"139",139,759.42,747.521286038424,771.318713961576,"Phyllosphere"
"140",140,761.12,749.134925106533,773.105074893467,"Phyllosphere"
"141",141,762.58,750.955244110307,774.204755889693,"Phyllosphere"
"142",142,764.06,752.420794223354,775.699205776646,"Phyllosphere"
"143",143,765.53,753.742782989675,777.317217010324,"Phyllosphere"
"144",144,767.17,755.413158020398,778.926841979602,"Phyllosphere"
"145",145,769.03,757.217957694186,780.842042305814,"Phyllosphere"
"146",146,770.37,758.729201839299,782.010798160701,"Phyllosphere"
"147",147,771.91,760.492226331042,783.327773668958,"Phyllosphere"
"148",148,773.26,761.790567634452,784.729432365548,"Phyllosphere"
"149",149,774.5,763.073025003276,785.926974996724,"Phyllosphere"
"150",150,776.02,764.623580218403,787.416419781597,"Phyllosphere"
"151",151,777.66,766.236808986571,789.083191013429,"Phyllosphere"
"152",152,779.13,767.614832137173,790.645167862827,"Phyllosphere"
"153",153,780.85,769.877697865014,791.822302134986,"Phyllosphere"
"154",154,782.15,771.241403630738,793.058596369262,"Phyllosphere"
"155",155,783.65,772.936678735086,794.363321264914,"Phyllosphere"
"156",156,784.89,774.18656432011,795.59343567989,"Phyllosphere"
"157",157,786.19,775.613969353182,796.766030646818,"Phyllosphere"
"158",158,787.63,777.209880572235,798.050119427765,"Phyllosphere"
"159",159,788.94,778.724325768702,799.155674231298,"Phyllosphere"
"160",160,790.19,780.032955372966,800.347044627034,"Phyllosphere"
"161",161,791.67,781.776572940083,801.563427059917,"Phyllosphere"
"162",162,792.83,783.209887440546,802.450112559454,"Phyllosphere"
"163",163,794.04,784.714332152168,803.365667847832,"Phyllosphere"
"164",164,795.28,785.999761410242,804.560238589758,"Phyllosphere"
"165",165,796.75,787.457475579746,806.042524420254,"Phyllosphere"
"166",166,798.04,788.992515836048,807.087484163952,"Phyllosphere"
"167",167,799.28,790.375251522107,808.184748477893,"Phyllosphere"
"168",168,800.42,791.600622803088,809.239377196912,"Phyllosphere"
"169",169,801.65,793.061335871327,810.238664128673,"Phyllosphere"
"170",170,802.85,794.222612319954,811.477387680046,"Phyllosphere"
"171",171,804.17,795.569958891336,812.770041108664,"Phyllosphere"
"172",172,805.48,796.963254759302,813.996745240698,"Phyllosphere"
"173",173,806.49,798.078253763488,814.901746236512,"Phyllosphere"
"174",174,807.6,799.18044603979,816.01955396021,"Phyllosphere"
"175",175,808.59,800.141588518209,817.038411481791,"Phyllosphere"
"176",176,809.7,801.330382024817,818.069617975183,"Phyllosphere"
"177",177,810.98,802.822485028819,819.137514971182,"Phyllosphere"
"178",178,811.99,803.87280911406,820.10719088594,"Phyllosphere"
"179",179,813.06,805.036272560698,821.083727439302,"Phyllosphere"
"180",180,814.2,806.010329245281,822.38967075472,"Phyllosphere"
"181",181,815.32,807.310056684396,823.329943315604,"Phyllosphere"
"182",182,816.41,808.688725441478,824.131274558522,"Phyllosphere"
"183",183,817.34,809.714656821765,824.965343178235,"Phyllosphere"
"184",184,818.33,810.944435319045,825.715564680955,"Phyllosphere"
"185",185,819.29,812.017115532002,826.562884467998,"Phyllosphere"
"186",186,820.39,813.424145327877,827.355854672123,"Phyllosphere"
"187",187,821.3,814.42521809345,828.17478190655,"Phyllosphere"
"188",188,822.18,815.346659275688,829.013340724312,"Phyllosphere"
"189",189,823.21,816.603766335322,829.816233664678,"Phyllosphere"
"190",190,824.08,817.523824716846,830.636175283154,"Phyllosphere"
"191",191,824.94,818.493922185397,831.386077814603,"Phyllosphere"
"192",192,825.81,819.345340830189,832.274659169811,"Phyllosphere"
"193",193,826.54,820.057046439416,833.022953560584,"Phyllosphere"
"194",194,827.4,821.027711509508,833.772288490492,"Phyllosphere"
"195",195,828.34,821.986411973689,834.693588026311,"Phyllosphere"
"196",196,829.18,822.919041929577,835.440958070423,"Phyllosphere"
"197",197,829.87,823.675093327025,836.064906672975,"Phyllosphere"
"198",198,830.76,824.59866733555,836.92133266445,"Phyllosphere"
"199",199,831.77,825.683328022837,837.856671977162,"Phyllosphere"
"200",200,832.45,826.334322183804,838.565677816196,"Phyllosphere"
"201",201,833.38,827.308406928635,839.451593071365,"Phyllosphere"
"202",202,834.19,828.387362146351,839.99263785365,"Phyllosphere"
"203",203,835.27,829.865447112,840.674552888,"Phyllosphere"
"204",204,836.14,830.87717055783,841.40282944217,"Phyllosphere"
"205",205,836.86,831.423460696734,842.296539303266,"Phyllosphere"
"206",206,837.54,832.236256325038,842.843743674962,"Phyllosphere"
"207",207,838.28,833.065257882355,843.494742117644,"Phyllosphere"
"208",208,838.92,833.648234152438,844.191765847561,"Phyllosphere"
"209",209,839.72,834.640669733164,844.799330266836,"Phyllosphere"
"210",210,840.37,835.2895263881,845.4504736119,"Phyllosphere"
"211",211,841.17,836.18506309372,846.15493690628,"Phyllosphere"
"212",212,841.86,837.050455617034,846.669544382966,"Phyllosphere"
"213",213,842.55,837.899866950964,847.200133049036,"Phyllosphere"
"214",214,843.12,838.560007088434,847.679992911566,"Phyllosphere"
"215",215,843.88,839.452628752678,848.307371247322,"Phyllosphere"
"216",216,844.49,840.241423292395,848.738576707605,"Phyllosphere"
"217",217,845.06,840.901960446401,849.218039553599,"Phyllosphere"
"218",218,845.76,841.880189528736,849.639810471264,"Phyllosphere"
"219",219,846.37,842.48879691671,850.25120308329,"Phyllosphere"
"220",220,847.06,843.289245982753,850.830754017247,"Phyllosphere"
"221",221,847.7,843.890124475111,851.509875524889,"Phyllosphere"
"222",222,848.43,844.56810377868,852.29189622132,"Phyllosphere"
"223",223,849.09,845.207651965289,852.972348034711,"Phyllosphere"
"224",224,849.73,845.951124639539,853.508875360461,"Phyllosphere"
"225",225,850.23,846.502257974851,853.957742025149,"Phyllosphere"
"226",226,850.77,847.012569650907,854.527430349093,"Phyllosphere"
"227",227,851.42,847.65364173963,855.18635826037,"Phyllosphere"
"228",228,851.93,848.209309828334,855.650690171666,"Phyllosphere"
"229",229,852.49,848.940935533713,856.039064466287,"Phyllosphere"
"230",230,853.21,849.616248407993,856.803751592007,"Phyllosphere"
"231",231,853.79,850.330873584913,857.249126415087,"Phyllosphere"
"232",232,854.23,850.85195143297,857.60804856703,"Phyllosphere"
"233",233,854.79,851.532390415961,858.047609584039,"Phyllosphere"
"234",234,855.28,852.175490409424,858.384509590576,"Phyllosphere"
"235",235,855.68,852.726214549963,858.633785450037,"Phyllosphere"
"236",236,856.14,853.114786091543,859.165213908457,"Phyllosphere"
"237",237,856.57,853.547341460491,859.592658539509,"Phyllosphere"
"238",238,856.93,853.910685073355,859.949314926645,"Phyllosphere"
"239",239,857.49,854.436619690715,860.543380309285,"Phyllosphere"
"240",240,857.93,855.016239543133,860.843760456867,"Phyllosphere"
"241",241,858.43,855.547608316314,861.312391683686,"Phyllosphere"
"242",242,858.93,856.195059600302,861.664940399698,"Phyllosphere"
"243",243,859.45,856.890111271358,862.009888728642,"Phyllosphere"
"244",244,859.97,857.485888875109,862.454111124891,"Phyllosphere"
"245",245,860.52,858.131136951044,862.908863048956,"Phyllosphere"
"246",246,861.06,858.755765864871,863.364234135129,"Phyllosphere"
"247",247,861.55,859.435237076592,863.664762923408,"Phyllosphere"
"248",248,861.98,859.891164840579,864.068835159421,"Phyllosphere"
"249",249,862.42,860.528071370428,864.311928629572,"Phyllosphere"
"250",250,862.96,861.134700799398,864.785299200602,"Phyllosphere"
"251",251,863.51,861.819294570753,865.200705429247,"Phyllosphere"
"252",252,863.96,862.511071451246,865.408928548754,"Phyllosphere"
"253",253,864.49,863.357424495794,865.622575504206,"Phyllosphere"
"254",254,864.95,863.971700093493,865.928299906507,"Phyllosphere"
"255",255,865.22,864.421263624229,866.018736375771,"Phyllosphere"
"256",256,865.66,865.087569421085,866.232430578915,"Phyllosphere"
"257",257,866,866,866,"Phyllosphere"
"258",1,10.51,4.07070303103317,16.9492969689668,"Rhizosphere"
"259",2,19.57,10.9720733060613,28.1679266939387,"Rhizosphere"
"260",3,28.45,18.5043141681095,38.3956858318905,"Rhizosphere"
"261",4,36.35,25.0003014768825,47.6996985231175,"Rhizosphere"
"262",5,43.01,31.0957482845378,54.9242517154622,"Rhizosphere"
"263",6,50.17,37.7667949726897,62.5732050273103,"Rhizosphere"
"264",7,58.1,45.3994870063044,70.8005129936956,"Rhizosphere"
"265",8,64.82,50.9625875868588,78.6774124131412,"Rhizosphere"
"266",9,71.48,57.2748081763225,85.6851918236775,"Rhizosphere"
"267",10,77.8,63.0194504004538,92.5805495995462,"Rhizosphere"
"268",11,84.7,70.3258509254926,99.0741490745074,"Rhizosphere"
"269",12,90.29,76.0168387764612,104.563161223539,"Rhizosphere"
"270",13,96.51,81.5998346654697,111.42016533453,"Rhizosphere"
"271",14,102.03,86.2081030137842,117.851896986216,"Rhizosphere"
"272",15,107.39,91.9484222557304,122.83157774427,"Rhizosphere"
"273",16,112.75,97.5680230456497,127.93197695435,"Rhizosphere"
"274",17,118.34,102.801699324611,133.878300675389,"Rhizosphere"
"275",18,123.72,107.563517734608,139.876482265392,"Rhizosphere"
"276",19,129.42,113.73420896467,145.10579103533,"Rhizosphere"
"277",20,134.3,118.525387997216,150.074612002784,"Rhizosphere"
"278",21,139.46,123.904676769412,155.015323230588,"Rhizosphere"
"279",22,145.46,129.402389072877,161.517610927123,"Rhizosphere"
"280",23,150.58,134.858831102136,166.301168897864,"Rhizosphere"
"281",24,155.13,138.759507328641,171.500492671359,"Rhizosphere"
"282",25,159.38,143.331600979814,175.428399020186,"Rhizosphere"
"283",26,164.13,148.190939915929,180.069060084071,"Rhizosphere"
"284",27,168.87,153.376987563955,184.363012436045,"Rhizosphere"
"285",28,173.2,157.275937780335,189.124062219665,"Rhizosphere"
"286",29,177.53,162.220100251699,192.839899748301,"Rhizosphere"
"287",30,181.44,165.700119492708,197.179880507292,"Rhizosphere"
"288",31,186.04,171.014150219832,201.065849780168,"Rhizosphere"
"289",32,189.74,174.543894704181,204.936105295819,"Rhizosphere"
"290",33,193.61,178.165151883773,209.054848116227,"Rhizosphere"
"291",34,197.32,181.742964325519,212.897035674481,"Rhizosphere"
"292",35,201.34,185.057010177005,217.622989822995,"Rhizosphere"
"293",36,205.74,189.248422719093,222.231577280907,"Rhizosphere"
"294",37,209.47,193.41425430891,225.52574569109,"Rhizosphere"
"295",38,212.86,196.918807567763,228.801192432237,"Rhizosphere"
"296",39,216.05,200.031465911531,232.068534088469,"Rhizosphere"
"297",40,219.37,203.591447237699,235.148552762301,"Rhizosphere"
"298",41,222.62,206.881749612726,238.358250387274,"Rhizosphere"
"299",42,226.05,210.65068544094,241.44931455906,"Rhizosphere"
"300",43,229.44,214.23611958091,244.64388041909,"Rhizosphere"
"301",44,232.42,217.363084410454,247.476915589546,"Rhizosphere"
"302",45,236.03,220.736603392379,251.323396607621,"Rhizosphere"
"303",46,239.15,223.260625493047,255.039374506953,"Rhizosphere"
"304",47,241.79,225.553555770671,258.026444229329,"Rhizosphere"
"305",48,245.34,228.944496797825,261.735503202175,"Rhizosphere"
"306",49,248.33,231.987667908716,264.672332091284,"Rhizosphere"
"307",50,251.44,234.907619773318,267.972380226682,"Rhizosphere"
"308",51,254.34,237.913106554104,270.766893445896,"Rhizosphere"
"309",52,257.35,240.740780824609,273.959219175391,"Rhizosphere"
"310",53,260.73,243.908984404723,277.551015595277,"Rhizosphere"
"311",54,263.97,247.217219437787,280.722780562213,"Rhizosphere"
"312",55,267.2,250.513950664575,283.886049335425,"Rhizosphere"
"313",56,270.8,254.512804806452,287.087195193548,"Rhizosphere"
"314",57,273.39,257.078081447338,289.701918552662,"Rhizosphere"
"315",58,276.44,260.116057121176,292.763942878824,"Rhizosphere"
"316",59,279.05,262.736545801738,295.363454198262,"Rhizosphere"
"317",60,281.86,265.465852239043,298.254147760957,"Rhizosphere"
"318",61,284.84,268.058745426801,301.621254573199,"Rhizosphere"
"319",62,287.15,270.444363740693,303.855636259307,"Rhizosphere"
"320",63,290.02,273.572974540524,306.467025459476,"Rhizosphere"
"321",64,292.47,276.019612389817,308.920387610183,"Rhizosphere"
"322",65,295.02,278.758885696735,311.281114303265,"Rhizosphere"
"323",66,297.7,281.553261266832,313.846738733168,"Rhizosphere"
"324",67,300.5,284.431019907532,316.568980092468,"Rhizosphere"
"325",68,302.69,286.808052303755,318.571947696245,"Rhizosphere"
"326",69,305.16,289.461631043997,320.858368956003,"Rhizosphere"
"327",70,307.87,292.308681082098,323.431318917902,"Rhizosphere"
"328",71,310.46,294.945640408468,325.974359591532,"Rhizosphere"
"329",72,312.77,297.290554521455,328.249445478544,"Rhizosphere"
"330",73,314.8,299.388473420353,330.211526579647,"Rhizosphere"
"331",74,317.22,301.527513217653,332.912486782347,"Rhizosphere"
"332",75,320.27,304.893345124784,335.646654875216,"Rhizosphere"
"333",76,323.12,308.263596421989,337.976403578011,"Rhizosphere"
"334",77,325.24,310.216032615864,340.263967384136,"Rhizosphere"
"335",78,327.38,312.29654193924,342.46345806076,"Rhizosphere"
"336",79,329.96,315.059711886726,344.860288113274,"Rhizosphere"
"337",80,332.09,317.100377327004,347.079622672996,"Rhizosphere"
"338",81,334.45,319.702033182417,349.197966817583,"Rhizosphere"
"339",82,336.8,322.269641672302,351.330358327698,"Rhizosphere"
"340",83,339.11,324.69417325971,353.52582674029,"Rhizosphere"
"341",84,341.28,326.946257933946,355.613742066054,"Rhizosphere"
"342",85,343.64,329.347584832747,357.932415167253,"Rhizosphere"
"343",86,345.99,332.030827931124,359.949172068876,"Rhizosphere"
"344",87,348.23,334.515114626506,361.944885373494,"Rhizosphere"
"345",88,350,336.224014453485,363.775985546515,"Rhizosphere"
"346",89,352.34,338.699433644271,365.980566355729,"Rhizosphere"
"347",90,354.56,340.719406797322,368.400593202678,"Rhizosphere"
"348",91,356.3,342.422105361549,370.177894638451,"Rhizosphere"
"349",92,358.5,344.635941387454,372.364058612546,"Rhizosphere"
"350",93,360.76,346.958287326304,374.561712673696,"Rhizosphere"
"351",94,362.57,348.970196822577,376.169803177423,"Rhizosphere"
"352",95,364.45,350.727368836094,378.172631163906,"Rhizosphere"
"353",96,366.48,353.048181903639,379.911818096361,"Rhizosphere"
"354",97,368.51,355.003177930237,382.016822069763,"Rhizosphere"
"355",98,370.45,357.152795159671,383.747204840329,"Rhizosphere"
"356",99,372.18,359.060210028781,385.299789971219,"Rhizosphere"
"357",100,373.97,361.25442059535,386.68557940465,"Rhizosphere"
"358",101,375.72,363.020616415182,388.419383584818,"Rhizosphere"
"359",102,377.48,364.951664439392,390.008335560608,"Rhizosphere"
"360",103,379.18,366.308153029015,392.051846970985,"Rhizosphere"
"361",104,381.11,368.273896402897,393.946103597103,"Rhizosphere"
"362",105,382.77,369.542499568068,395.997500431932,"Rhizosphere"
"363",106,384.4,371.286663431468,397.513336568532,"Rhizosphere"
"364",107,386.07,372.791130174658,399.348869825342,"Rhizosphere"
"365",108,387.92,374.538511203,401.301488797,"Rhizosphere"
"366",109,389.95,376.543854115565,403.356145884435,"Rhizosphere"
"367",110,391.68,378.306666062419,405.053333937581,"Rhizosphere"
"368",111,393.86,380.494871243917,407.225128756083,"Rhizosphere"
"369",112,395.21,381.940992288171,408.479007711829,"Rhizosphere"
"370",113,396.91,383.894007505916,409.925992494084,"Rhizosphere"
"371",114,398.67,385.724851538632,411.615148461368,"Rhizosphere"
"372",115,400.17,387.32904987939,413.01095012061,"Rhizosphere"
"373",116,402.03,388.930185057981,415.129814942019,"Rhizosphere"
"374",117,403.77,390.569253923747,416.970746076253,"Rhizosphere"
"375",118,405.47,392.344764071385,418.595235928615,"Rhizosphere"
"376",119,407.08,393.837369116098,420.322630883902,"Rhizosphere"
"377",120,408.35,395.105313625015,421.594686374985,"Rhizosphere"
"378",121,409.72,396.648263197635,422.791736802365,"Rhizosphere"
"379",122,411.28,398.446898860818,424.113101139182,"Rhizosphere"
"380",123,412.74,399.989385041568,425.490614958432,"Rhizosphere"
"381",124,414.18,401.532981746393,426.827018253607,"Rhizosphere"
"382",125,415.83,403.182442644103,428.477557355897,"Rhizosphere"
"383",126,417.48,404.871296897008,430.088703102992,"Rhizosphere"
"384",127,419.12,406.775385994309,431.464614005691,"Rhizosphere"
"385",128,420.66,408.568413476865,432.751586523135,"Rhizosphere"
"386",129,422.07,410.171222369886,433.968777630114,"Rhizosphere"
"387",130,423.6,411.644696033589,435.555303966411,"Rhizosphere"
"388",131,425.02,413.460771756914,436.579228243086,"Rhizosphere"
"389",132,426.17,414.598478880886,437.741521119114,"Rhizosphere"
"390",133,427.3,415.739443584046,438.860556415954,"Rhizosphere"
"391",134,428.51,416.907583846196,440.112416153804,"Rhizosphere"
"392",135,429.92,418.486679918728,441.353320081272,"Rhizosphere"
"393",136,431.5,420.335934269436,442.664065730564,"Rhizosphere"
"394",137,433.03,422.275198394403,443.784801605597,"Rhizosphere"
"395",138,434.45,423.977935188601,444.922064811399,"Rhizosphere"
"396",139,436.07,425.559538640964,446.580461359036,"Rhizosphere"
"397",140,437.47,427.24085269705,447.69914730295,"Rhizosphere"
"398",141,438.85,428.705214804311,448.994785195689,"Rhizosphere"
"399",142,440.35,430.158525051978,450.541474948022,"Rhizosphere"
"400",143,441.68,431.338478317623,452.021521682377,"Rhizosphere"
"401",144,442.97,432.857047009809,453.082952990191,"Rhizosphere"
"402",145,444.42,434.375472870636,454.464527129364,"Rhizosphere"
"403",146,445.61,435.817305340874,455.402694659126,"Rhizosphere"
"404",147,446.8,437.073435313223,456.526564686777,"Rhizosphere"
"405",148,448.18,438.957300730362,457.402699269638,"Rhizosphere"
"406",149,449.48,440.252811365264,458.707188634736,"Rhizosphere"
"407",150,450.75,441.598773333867,459.901226666133,"Rhizosphere"
"408",151,451.91,442.763498764638,461.056501235362,"Rhizosphere"
"409",152,453.14,444.01126857807,462.26873142193,"Rhizosphere"
"410",153,454.43,445.453875664809,463.406124335191,"Rhizosphere"
"411",154,455.64,446.584034836059,464.695965163941,"Rhizosphere"
"412",155,457.05,447.865719402097,466.234280597903,"Rhizosphere"
"413",156,458.28,449.125788075449,467.434211924551,"Rhizosphere"
"414",157,459.31,450.125367468022,468.494632531978,"Rhizosphere"
"415",158,460.67,451.720021161359,469.619978838641,"Rhizosphere"
"416",159,461.89,453.000220372912,470.779779627088,"Rhizosphere"
"417",160,462.88,454.113350616448,471.646649383552,"Rhizosphere"
"418",161,464.22,455.609951841428,472.830048158572,"Rhizosphere"
"419",162,465.2,456.617659663206,473.782340336794,"Rhizosphere"
"420",163,466.35,457.949212398636,474.750787601364,"Rhizosphere"
"421",164,467.4,459.021335416546,475.778664583454,"Rhizosphere"
"422",165,468.5,460.071453029116,476.928546970884,"Rhizosphere"
"423",166,469.49,461.138510687466,477.841489312534,"Rhizosphere"
"424",167,470.39,461.937046419007,478.842953580993,"Rhizosphere"
"425",168,471.36,462.989151111679,479.730848888321,"Rhizosphere"
"426",169,472.29,464.011641942921,480.568358057079,"Rhizosphere"
"427",170,473.33,465.087396949355,481.572603050645,"Rhizosphere"
"428",171,474.08,465.839082134087,482.320917865913,"Rhizosphere"
"429",172,475.13,466.889112776999,483.370887223001,"Rhizosphere"
"430",173,476.23,468.129800476332,484.330199523668,"Rhizosphere"
"431",174,477.3,469.493631193737,485.106368806263,"Rhizosphere"
"432",175,478.26,470.616926949416,485.903073050584,"Rhizosphere"
"433",176,479.07,471.497782039027,486.642217960973,"Rhizosphere"
"434",177,479.83,472.067027800273,487.592972199727,"Rhizosphere"
"435",178,480.68,473.081648238272,488.278351761728,"Rhizosphere"
"436",179,481.96,474.503838558994,489.416161441006,"Rhizosphere"
"437",180,482.99,475.492532414073,490.487467585927,"Rhizosphere"
"438",181,484.07,476.50445476205,491.63554523795,"Rhizosphere"
"439",182,485.01,477.547643289364,492.472356710636,"Rhizosphere"
"440",183,486.02,478.735063278909,493.304936721091,"Rhizosphere"
"441",184,486.82,479.457276524974,494.182723475026,"Rhizosphere"
"442",185,487.62,480.317336863247,494.922663136753,"Rhizosphere"
"443",186,488.82,481.510976933829,496.129023066171,"Rhizosphere"
"444",187,489.78,482.566684590847,496.993315409153,"Rhizosphere"
"445",188,490.66,483.415050522654,497.904949477346,"Rhizosphere"
"446",189,491.46,484.026225043693,498.893774956307,"Rhizosphere"
"447",190,492.35,484.839233317323,499.860766682677,"Rhizosphere"
"448",191,493.18,485.723215413891,500.636784586109,"Rhizosphere"
"449",192,494.13,486.777882185136,501.482117814864,"Rhizosphere"
"450",193,495.06,487.543257744115,502.576742255885,"Rhizosphere"
"451",194,495.99,488.394819444097,503.585180555903,"Rhizosphere"
"452",195,496.75,489.069018633828,504.430981366172,"Rhizosphere"
"453",196,497.64,489.929951460279,505.350048539721,"Rhizosphere"
"454",197,498.37,490.825311588122,505.914688411878,"Rhizosphere"
"455",198,499.16,491.74214003471,506.57785996529,"Rhizosphere"
"456",199,500,492.566795761415,507.433204238585,"Rhizosphere"
"457",200,500.98,493.648071759955,508.311928240045,"Rhizosphere"
"458",201,501.85,494.578393394424,509.121606605576,"Rhizosphere"
"459",202,502.54,495.402929327954,509.677070672046,"Rhizosphere"
"460",203,503.25,496.255954913881,510.244045086119,"Rhizosphere"
"461",204,504.09,497.166033425029,511.013966574971,"Rhizosphere"
"462",205,504.9,497.981279968904,511.818720031096,"Rhizosphere"
"463",206,505.72,499.006407576243,512.433592423757,"Rhizosphere"
"464",207,506.61,499.920803221959,513.299196778041,"Rhizosphere"
"465",208,507.39,500.802753368681,513.977246631319,"Rhizosphere"
"466",209,508.39,501.93597455502,514.84402544498,"Rhizosphere"
"467",210,509.2,503.032309667274,515.367690332726,"Rhizosphere"
"468",211,510.06,504.011676081572,516.108323918427,"Rhizosphere"
"469",212,510.87,505.070914387647,516.669085612353,"Rhizosphere"
"470",213,511.63,505.87989240329,517.38010759671,"Rhizosphere"
"471",214,512.29,506.630833840912,517.949166159088,"Rhizosphere"
"472",215,513,507.337791414951,518.662208585049,"Rhizosphere"
"473",216,513.62,508.084476519604,519.155523480396,"Rhizosphere"
"474",217,514.49,509.117990613515,519.862009386485,"Rhizosphere"
"475",218,515.29,510.034324856679,520.545675143321,"Rhizosphere"
"476",219,515.93,510.613254964005,521.246745035995,"Rhizosphere"
"477",220,516.64,511.422469332852,521.857530667148,"Rhizosphere"
"478",221,517.44,512.29499163158,522.58500836842,"Rhizosphere"
"479",222,518.49,513.637644537407,523.342355462593,"Rhizosphere"
"480",223,519.34,514.438505690644,524.241494309356,"Rhizosphere"
"481",224,519.97,514.998454704394,524.941545295606,"Rhizosphere"
"482",225,520.65,515.772976980231,525.527023019769,"Rhizosphere"
"483",226,521.27,516.509355361536,526.030644638464,"Rhizosphere"
"484",227,521.83,517.049874901261,526.610125098739,"Rhizosphere"
"485",228,522.69,517.868551707592,527.511448292408,"Rhizosphere"
"486",229,523.45,518.841323509954,528.058676490046,"Rhizosphere"
"487",230,524.08,519.667712290854,528.492287709146,"Rhizosphere"
"488",231,524.9,520.611184383313,529.188815616687,"Rhizosphere"
"489",232,525.67,521.504109163138,529.835890836861,"Rhizosphere"
"490",233,526.27,522.200266928565,530.339733071434,"Rhizosphere"
"491",234,526.72,522.742589035591,530.697410964409,"Rhizosphere"
"492",235,527.51,523.567240365511,531.452759634489,"Rhizosphere"
"493",236,528.04,524.165921419423,531.914078580577,"Rhizosphere"
"494",237,528.93,525.078580217188,532.781419782812,"Rhizosphere"
"495",238,529.6,525.78879907047,533.41120092953,"Rhizosphere"
"496",239,530.37,526.629274094106,534.110725905894,"Rhizosphere"
"497",240,530.89,527.291754074917,534.488245925083,"Rhizosphere"
"498",241,531.53,527.860703422489,535.199296577511,"Rhizosphere"
"499",242,532.19,528.620502397912,535.759497602088,"Rhizosphere"
"500",243,532.93,529.462240848134,536.397759151866,"Rhizosphere"
"501",244,533.63,530.358899113433,536.901100886567,"Rhizosphere"
"502",245,534.15,530.945284408843,537.354715591157,"Rhizosphere"
"503",246,534.94,531.746509145405,538.133490854595,"Rhizosphere"
"504",247,535.73,532.728804951828,538.731195048172,"Rhizosphere"
"505",248,536.42,533.509968586375,539.330031413625,"Rhizosphere"
"506",249,537.07,534.272977773894,539.867022226106,"Rhizosphere"
"507",250,537.75,535.09709992878,540.40290007122,"Rhizosphere"
"508",251,538.24,535.761323259512,540.718676740488,"Rhizosphere"
"509",252,538.71,536.529762778174,540.890237221826,"Rhizosphere"
"510",253,539.35,537.38888817352,541.31111182648,"Rhizosphere"
"511",254,539.95,538.278038712932,541.621961287068,"Rhizosphere"
"512",255,540.64,539.317926330389,541.962073669611,"Rhizosphere"
"513",256,541.32,540.33649975736,542.30350024264,"Rhizosphere"
"514",257,542,542,542,"Rhizosphere"
