"","site","mean_total","se_total"
"1","badagongshan",5.40384615384615,0.545279769187552
"2","changbaishan",7.71794871794872,0.800597548384144
"3","donglingshan",10.8823529411765,0.84941492486611
"4","nabanhe",13.948275862069,0.809958590426167
"5","qinzhou",4,1.08012344973464
"6","tiantongshan",9.74,0.866995751231262
"7","xiaoxinganling",17.3,1.60934769394311
"8","cold-temperate",17.3,1.60934769394311
"9","subtropical",7.52941176470588,0.549386958667477
"10","tropical",13.3064516129032,0.821636521261734
"11","warm-temperate",9.19178082191781,0.607743516609756
